ts,uid,id.orig_h,id.orig_p,id.resp_h,id.resp_p,proto,duration,orig_bytes,resp_bytes,conn_state,local_orig,local_resp,missed_bytes,history,orig_pkts,orig_ip_bytes,resp_pkts,resp_ip_bytes,client_initial_dcid,server_scid,label
1722973771.908606,CiwSnp2ruetQ6YIH97,192.168.1.4,38070,162.159.136.232,443,udp,0.0013711452000000001,50,116,SF,True,True,0,IIiiihhIHHhH,1,78,1,144,7a02860661f4d704,018408f92a041b971385ccf9c6040921401eda9a,HTTPS
1722973832.743729,CgFHN54qMiYdSNkrU9,192.168.1.4,44844,192.168.1.1,53,udp,0.0015799999,35,425,SF,True,True,0,Dd,1,63,1,453,7a02860661f4d704,018408f92a041b971385ccf9c6040921401eda9a,DNS
1722973773.988962,CqsCbO20ba3To36Wzh,192.168.1.4,44837,64.233.180.95,443,udp,0.0015799999,35,425,SF,True,True,0,IIiiiIhhHhHhH,1,63,1,453,346bb36960d141e5,f46bb36960d141e5,HTTPS
1722973832.695695,CZ3AOZ39WqTiPxH3Id,192.168.1.4,55235,192.168.1.1,53,udp,0.0015799999,35,425,SF,True,True,0,IIiiiIhhHhHhH,1,63,1,453,346bb36960d141e5,f46bb36960d141e5,DNS
1722973803.260966,Ct2ROZ29RMJmadZpL,192.168.1.4,53108,142.251.179.94,443,udp,0.0015799999,35,425,SF,True,True,0,IIiiiIhhHhHhH,1,63,1,453,346bb36960d141e5,f46bb36960d141e5,HTTPS
1722973803.029179,CQI9JnDqznSddGKJe,192.168.1.4,42775,192.168.1.1,53,udp,0.0041940212,42,92,SF,True,True,0,Dd,1,70,1,120,346bb36960d141e5,f46bb36960d141e5,DNS
1722973838.227077,CmbS4k1v6xLjkYcnUa,192.168.1.4,44455,192.168.1.1,53,udp,0.0047500134,42,92,SF,True,True,0,Dd,1,70,1,120,346bb36960d141e5,f46bb36960d141e5,DNS
1722973805.103334,Cc5tkQ3x2ctCidFUl7,192.168.1.4,50702,192.168.1.1,53,udp,0.0122411251,37,429,SF,True,True,0,Dd,1,65,1,457,346bb36960d141e5,f46bb36960d141e5,DNS
1722973802.227476,CPdfag5KuuXxeetc,192.168.1.4,55204,192.168.1.1,53,udp,0.0122411251,37,429,SF,True,True,0,Dd,1,65,1,457,346bb36960d141e5,f46bb36960d141e5,DNS
1722973741.977313,CymFwt1q0irCwh1Eh7,192.168.1.4,52410,142.251.179.94,443,tcp,60.1718549728,2258,2430,SF,True,False,0,ShADadFf,9,2734,7,2802,346bb36960d141e5,f46bb36960d141e5,HTTPS
1722973833.396926,Cxr27g4ABfimlR7GWg,192.168.1.4,58592,23.205.106.80,443,tcp,60.1718549728,2258,2430,SF,True,False,0,ShADadFf,9,2734,7,2802,346bb36960d141e5,f46bb36960d141e5,HTTPS
1722973838.095073,CgOV4f1Xkf0ujwVZpe,192.168.1.4,45890,192.168.1.1,53,udp,0.0033040047,30,195,SF,True,True,0,Dd,1,58,1,223,346bb36960d141e5,f46bb36960d141e5,DNS
1722973803.306896,ChBJg83yprwV7xdUZ2,192.168.1.4,34344,23.218.218.157,443,udp,0.0033040047,30,195,SF,True,True,0,Dd,1,58,1,223,346bb36960d141e5,f46bb36960d141e5,HTTPS
1722973802.483512,ClxJO32zGME5vtrCxd,192.168.1.4,52058,192.168.1.1,53,udp,0.0033040047,30,195,SF,True,True,0,Dd,1,58,1,223,346bb36960d141e5,f46bb36960d141e5,DNS
1722973805.103435,Cdrg3YHE9P7Nowl6b,192.168.1.4,38154,192.168.1.1,53,udp,0.0022609234,37,146,SF,True,True,0,Dd,1,65,1,174,346bb36960d141e5,f46bb36960d141e5,DNS
1722973823.368695,CYlu7a1T2GyA4qdBpe,192.168.1.4,52109,192.168.1.1,53,udp,0.0022609234,37,146,SF,True,True,0,Dd,1,65,1,174,346bb36960d141e5,f46bb36960d141e5,DNS
1722973802.525946,CwzFc2Px1QxUT74Ck,192.168.1.4,50084,142.251.111.97,443,udp,0.0022609234,37,146,SF,True,True,0,Dd,1,65,1,174,346bb36960d141e5,f46bb36960d141e5,HTTPS
1722973741.864944,CT1DS532vYbYm2n72c,192.168.1.4,43084,64.233.180.95,443,tcp,60.2842059135,2264,2439,SF,True,False,0,ShADadFf,9,2740,7,2811,346bb36960d141e5,f46bb36960d141e5,HTTPS
1722973803.018102,CxA9Ri2fyYzFWTEU79,192.168.1.4,49069,192.168.1.1,53,udp,60.2842059135,2264,2439,SF,True,False,0,ShADadFf,9,2740,7,2811,346bb36960d141e5,f46bb36960d141e5,DNS
1722973862.513382,CzNTrL1bNWlxmYM0o8,192.168.1.4,36164,20.25.227.174,443,udp,60.2842059135,2264,2439,SF,True,False,0,ShADadFf,9,2740,7,2811,346bb36960d141e5,f46bb36960d141e5,HTTPS
1722973802.919619,CdYhcv47kOpn3LYFj9,192.168.1.4,32936,192.168.1.1,53,udp,60.2842059135,2264,2439,SF,True,False,0,ShADadFf,9,2740,7,2811,346bb36960d141e5,f46bb36960d141e5,DNS
1722973802.919526,CYIeY44U1qSUT7Qujf,192.168.1.4,46313,192.168.1.1,53,udp,0.0939378738,36,269,SF,True,True,0,Dd,1,64,1,297,346bb36960d141e5,f46bb36960d141e5,DNS
1722973862.515297,CcQkoi4VqsoThcGwSj,192.168.1.4,54074,192.168.1.1,53,udp,0.0939378738,36,269,SF,True,True,0,Dd,1,64,1,297,346bb36960d141e5,f46bb36960d141e5,DNS
1722973802.227476,CPdfag5KuuXxeetc,192.168.1.4,55204,192.168.1.1,53,udp,0.1262581348,32,136,SF,True,True,0,Dd,1,60,1,164,346bb36960d141e5,f46bb36960d141e5,DNS
1722973832.695358,CLVax93t6u6Q4Bd6sg,192.168.1.4,36172,192.168.1.1,53,udp,0.041260004,37,475,SF,True,True,0,Dd,1,65,1,503,346bb36960d141e5,f46bb36960d141e5,DNS
1722973867.514928,Coazj135f2CoD3NXmf,192.168.1.4,57116,23.220.133.192,80,udp,0.041260004,37,475,SF,True,True,0,Dd,1,65,1,503,346bb36960d141e5,f46bb36960d141e5,HTTP
1722973772.388906,CffXbUZQo7vw8HLK,192.168.1.4,53363,192.168.1.1,53,udp,0.0020771027,47,134,SF,True,True,0,Dd,1,75,1,162,346bb36960d141e5,f46bb36960d141e5,DNS
1722973832.702409,C4DPyhGvQ4PtD3JKi,192.168.1.4,46516,192.168.1.1,53,udp,0.0020771027,47,134,SF,True,True,0,Dd,1,75,1,162,346bb36960d141e5,f46bb36960d141e5,DNS
1722973862.609432,C4uWT52IYQkuOcK2Le,192.168.1.4,57398,3.166.192.90,443,tcp,0.0439770222,1890,6193,SF,True,False,0,ShADadFfRR,12,2486,11,6773,346bb36960d141e5,f46bb36960d141e5,HTTPS
1722973833.385276,CupdZG1SPsCSbiDux9,192.168.1.4,58628,23.205.106.80,443,tcp,0.0286779404,1729,5057,RSTO,True,False,0,ShADaFdR,8,2105,7,5429,346bb36960d141e5,f46bb36960d141e5,HTTPS
1722973862.555873,CenaBL2EnwL6z9gLI6,192.168.1.4,50068,192.168.1.1,53,udp,0.0286779404,1729,5057,RSTO,True,False,0,ShADaFdR,8,2105,7,5429,346bb36960d141e5,f46bb36960d141e5,DNS
1722973772.684464,C9hNwp3elTW0cdkNNl,192.168.1.4,51953,192.168.1.1,53,udp,0.0176680088,42,99,SF,True,True,0,Dd,1,70,1,127,346bb36960d141e5,f46bb36960d141e5,DNS
1722973862.601445,CD5TxcRGENhWOAkQe,192.168.1.4,44368,192.168.1.1,53,udp,0.0176680088,42,99,SF,True,True,0,Dd,1,70,1,127,346bb36960d141e5,f46bb36960d141e5,DNS
1722973805.19445,CxP2lgQE25CjvacL5,192.168.1.4,53722,34.120.154.120,443,udp,0.0176680088,42,99,SF,True,True,0,IIiishhhHH,1,70,1,127,5e6732ef2533d799,fe6732ef2533d799,HTTPS
1722973837.918123,CTVPAe1nqFGxeURLLj,192.168.1.4,53040,18.238.4.109,443,udp,0.0176680088,42,99,SF,True,True,0,IIiishhhHH,1,70,1,127,5e6732ef2533d799,fe6732ef2533d799,HTTPS
1722973802.501783,CLkypaNCsgA6q8IVf,192.168.1.4,43041,192.168.1.1,53,udp,0.0286381245,37,222,SF,True,True,0,Dd,1,65,1,250,5e6732ef2533d799,fe6732ef2533d799,DNS
1722973862.474777,C0uaiR3bPGe483D1Zk,192.168.1.4,37772,192.168.1.1,53,udp,0.0286381245,37,222,SF,True,True,0,Dd,1,65,1,250,5e6732ef2533d799,fe6732ef2533d799,DNS
1722973838.191457,CXTN8H3Mpf7jVSibe1,192.168.1.4,53366,192.168.1.1,53,udp,0.0016019344,40,100,SF,True,True,0,Dd,1,68,1,128,5e6732ef2533d799,fe6732ef2533d799,DNS
1722973771.957968,Cy8tuq26bCjOfkQcvi,192.168.1.4,52047,162.159.137.232,443,udp,0.0016019344,40,100,SF,True,True,0,Dd,1,68,1,128,5e6732ef2533d799,fe6732ef2533d799,HTTPS
1722973832.739379,C3WYeH2qWlVFZO0O43,192.168.1.4,60378,192.168.1.1,53,udp,0.0016019344,40,100,SF,True,True,0,Dd,1,68,1,128,5e6732ef2533d799,fe6732ef2533d799,DNS
1722973838.095128,C1mA223Nu9OjRBUwV7,192.168.1.4,40860,192.168.1.1,53,udp,0.0016019344,40,100,SF,True,True,0,Dd,1,68,1,128,5e6732ef2533d799,fe6732ef2533d799,DNS
1722973862.527652,CBktZI2GXz1r5sKCWi,192.168.1.4,50830,146.75.37.229,443,udp,0.0016019344,40,100,SF,True,True,0,Dd,1,68,1,128,5e6732ef2533d799,fe6732ef2533d799,HTTPS
1722973805.19445,CxP2lgQE25CjvacL5,192.168.1.4,53722,34.120.154.120,443,udp,0.0016019344,40,100,SF,True,True,0,Dd,1,68,1,128,5e6732ef2533d799,fe6732ef2533d799,HTTPS
1722973838.09495,CAFxIU35M1VHFG3cfi,192.168.1.4,34779,192.168.1.1,53,udp,0.057131052,33,282,SF,True,True,0,Dd,1,61,1,310,5e6732ef2533d799,fe6732ef2533d799,DNS
1722973863.115199,C2fsx33dZKLVWNwM22,192.168.1.4,47032,216.239.34.181,443,udp,0.057131052,33,282,SF,True,True,0,Dd,1,61,1,310,5e6732ef2533d799,fe6732ef2533d799,HTTPS
1722973802.1486,CCg6el2pHq2fK92pY5,192.168.1.4,58654,15.197.167.90,443,udp,0.057131052,33,282,SF,True,True,0,Dd,1,61,1,310,5e6732ef2533d799,fe6732ef2533d799,HTTPS
1722973862.413947,C8pjd93XiF0SLM4Vwj,192.168.1.4,41792,146.75.38.132,443,udp,0.057131052,33,282,SF,True,True,0,Dd,1,61,1,310,5e6732ef2533d799,fe6732ef2533d799,HTTPS
1722973832.695442,CGdXtA15kNHgIGnvR4,192.168.1.4,41685,192.168.1.1,53,udp,0.041378974900000004,37,180,SF,True,True,0,Dd,1,65,1,208,5e6732ef2533d799,fe6732ef2533d799,DNS
1722973803.029179,CQI9JnDqznSddGKJe,192.168.1.4,42775,192.168.1.1,53,udp,0.041378974900000004,37,180,SF,True,True,0,Dd,1,65,1,208,5e6732ef2533d799,fe6732ef2533d799,DNS
1722973771.908606,CiwSnp2ruetQ6YIH97,192.168.1.4,38070,162.159.136.232,443,udp,0.1067039967,4151,6334,SF,True,False,0,Dd,10,4431,11,6642,5e6732ef2533d799,fe6732ef2533d799,HTTPS
1722973802.354967,C1ygSy2EL17f1kwDV5,192.168.1.4,48496,192.168.1.1,53,udp,0.1067039967,4151,6334,SF,True,False,0,Dd,10,4431,11,6642,5e6732ef2533d799,fe6732ef2533d799,DNS
1722973833.39897,CupdZG1SPsCSbiDux9,192.168.1.4,58628,23.205.106.80,443,udp,0.1067039967,4151,6334,SF,True,False,0,Dd,10,4431,11,6642,5e6732ef2533d799,fe6732ef2533d799,HTTPS
1722973834.745867,CVjCTrvABb4Nwtw1b,192.168.1.4,59873,192.168.1.1,53,udp,0.1067039967,4151,6334,SF,True,False,0,Dd,10,4431,11,6642,5e6732ef2533d799,fe6732ef2533d799,DNS
1722973805.136299,CtI6Fy2QNoR2arkqDl,192.168.1.4,53151,192.168.1.1,53,udp,0.0035591125000000003,65,131,SF,True,True,0,Dd,1,93,1,159,5e6732ef2533d799,fe6732ef2533d799,DNS
1722973863.358097,CtH9em4W1TTO7eXbG1,192.168.1.4,47648,172.253.62.101,443,udp,0.0035591125000000003,65,131,SF,True,True,0,Dd,1,93,1,159,5e6732ef2533d799,fe6732ef2533d799,HTTPS
1722973832.743729,CgFHN54qMiYdSNkrU9,192.168.1.4,44844,192.168.1.1,53,udp,0.0035591125000000003,65,131,SF,True,True,0,Dd,1,93,1,159,5e6732ef2533d799,fe6732ef2533d799,DNS
1722973823.350752,CABmdY3bx9QVMob5wa,192.168.1.4,41258,192.168.1.1,53,udp,0.0176239014,50,218,SF,True,True,0,Dd,1,78,1,246,5e6732ef2533d799,fe6732ef2533d799,DNS
1722973772.032523,CJhPyGIBZthNmf9qa,192.168.1.4,42803,192.168.1.1,53,udp,0.0370130539,44,305,SF,True,True,0,Dd,1,72,1,333,5e6732ef2533d799,fe6732ef2533d799,DNS
1722973863.039204,CWv2AS1T58eHb4DFP3,192.168.1.4,46868,192.168.1.1,53,udp,0.0370130539,44,305,SF,True,True,0,Dd,1,72,1,333,5e6732ef2533d799,fe6732ef2533d799,DNS
1722973802.969477,CCyfg83vkyvnh6HMik,192.168.1.4,51113,142.251.179.155,443,udp,0.0370130539,44,305,SF,True,True,0,Dd,1,72,1,333,5e6732ef2533d799,fe6732ef2533d799,HTTPS
1722973862.318354,CdRclf2ECMyAmLlBWf,192.168.1.4,40910,151.101.66.132,443,udp,0.0370130539,44,305,SF,True,True,0,Dd,1,72,1,333,5e6732ef2533d799,fe6732ef2533d799,HTTPS
1722973862.474834,CevBrV2mXooIJ9b3G7,192.168.1.4,48556,192.168.1.1,53,udp,0.0370130539,44,305,SF,True,True,0,Dd,1,72,1,333,5e6732ef2533d799,fe6732ef2533d799,DNS
1722973803.099641,CDY2QD4OwNh2vBk7t8,192.168.1.4,43916,192.168.1.1,53,udp,0.0071289539,45,90,SF,True,True,0,Dd,1,73,1,118,5e6732ef2533d799,fe6732ef2533d799,DNS
1722973772.038228,CfSeDtHrZgip23KF5,192.168.1.4,44261,192.168.1.1,53,udp,0.0020859241,37,308,SF,True,True,0,Dd,1,65,1,336,5e6732ef2533d799,fe6732ef2533d799,DNS
1722973863.087967,Cwq8eWdVCC0uEfVPd,192.168.1.4,46224,192.168.1.1,53,udp,0.0020859241,37,308,SF,True,True,0,Dd,1,65,1,336,5e6732ef2533d799,fe6732ef2533d799,DNS
1722973862.30346,CjApxW3OhBePot05Kf,192.168.1.4,51791,192.168.1.1,53,udp,0.0020859241,37,308,SF,True,True,0,Dd,1,65,1,336,5e6732ef2533d799,fe6732ef2533d799,DNS
1722973833.385027,Ciz6TD8hvHGBkyfNk,192.168.1.4,58602,23.205.106.80,443,tcp,0.029237031900000002,1825,5057,RSTO,True,False,0,ShADaFdR,8,2201,7,5429,5e6732ef2533d799,fe6732ef2533d799,HTTPS
1722973839.296832,CN6caU3q1nEgot86a4,192.168.1.4,38702,192.168.1.1,53,udp,0.029237031900000002,1825,5057,RSTO,True,False,0,ShADaFdR,8,2201,7,5429,5e6732ef2533d799,fe6732ef2533d799,DNS
1722973802.501967,C6g8Cu3piOkjIK64l,192.168.1.4,40822,192.168.1.1,53,udp,0.0999829769,28,229,SF,True,True,0,Dd,1,56,1,257,5e6732ef2533d799,fe6732ef2533d799,DNS
1722973808.207431,C5PohE3sGsq6h2hRUi,192.168.1.4,39534,54.167.196.150,443,tcp,5.0665729046,28876,6125,SF,True,False,0,ShADadfF,25,30184,25,7433,5e6732ef2533d799,fe6732ef2533d799,HTTPS
1722973772.948717,C7apcy4BJQevecHEOk,192.168.1.4,46061,192.168.1.1,53,udp,0.0018579960000000002,46,103,SF,True,True,0,Dd,1,74,1,131,5e6732ef2533d799,fe6732ef2533d799,DNS
1722973862.561611,CvYoGAzxR84vjteUi,192.168.1.4,45048,192.168.1.1,53,udp,0.0018579960000000002,46,103,SF,True,True,0,Dd,1,74,1,131,5e6732ef2533d799,fe6732ef2533d799,DNS
1722973832.725194,CRhyuc3dK8N0H0K2Gh,192.168.1.4,33375,192.168.1.1,53,udp,0.0021040440000000002,38,120,SF,True,True,0,Dd,1,66,1,148,5e6732ef2533d799,fe6732ef2533d799,DNS
1722973862.807259,C6HgsX2Yqgr093bt6a,192.168.1.4,58546,142.250.31.93,443,udp,0.0021040440000000002,38,120,SF,True,True,0,Dd,1,66,1,148,5e6732ef2533d799,fe6732ef2533d799,HTTPS
1722973772.069882,Cp5TOs5CXSHuSnSmh,192.168.1.4,48874,104.18.28.203,443,udp,0.0021040440000000002,38,120,SF,True,True,0,IIiiiiIhhHH,1,66,1,148,608d465c12da3dfd,01ca91fe7913c23751cb15fe7713fe4aca3d25eb,HTTPS
1722973805.103435,Cdrg3YHE9P7Nowl6b,192.168.1.4,38154,192.168.1.1,53,udp,0.0021040440000000002,38,120,SF,True,True,0,IIiiiiIhhHH,1,66,1,148,608d465c12da3dfd,01ca91fe7913c23751cb15fe7713fe4aca3d25eb,DNS
1722973805.136299,CtI6Fy2QNoR2arkqDl,192.168.1.4,53151,192.168.1.1,53,udp,0.0021040440000000002,38,120,SF,True,True,0,IIiiiiIhhHH,1,66,1,148,608d465c12da3dfd,01ca91fe7913c23751cb15fe7713fe4aca3d25eb,DNS
1722973833.281059,CFUZyD3NfNUeWIhZyh,192.168.1.4,57642,192.168.1.1,53,udp,0.0021040440000000002,38,120,SF,True,True,0,IIiiiiIhhHH,1,66,1,148,608d465c12da3dfd,01ca91fe7913c23751cb15fe7713fe4aca3d25eb,DNS
1722973803.099641,CDY2QD4OwNh2vBk7t8,192.168.1.4,43916,192.168.1.1,53,udp,0.0021040440000000002,38,120,SF,True,True,0,IIiiiiIhhHH,1,66,1,148,608d465c12da3dfd,01ca91fe7913c23751cb15fe7713fe4aca3d25eb,DNS
1722973832.144109,CXIioF4ouVZsVF0l3b,192.168.1.4,41203,192.168.1.1,53,udp,0.0021040440000000002,38,120,SF,True,True,0,IIiiiiIhhHH,1,66,1,148,608d465c12da3dfd,01ca91fe7913c23751cb15fe7713fe4aca3d25eb,DNS
1722973838.227077,CmbS4k1v6xLjkYcnUa,192.168.1.4,44455,192.168.1.1,53,udp,0.0021040440000000002,38,120,SF,True,True,0,IIiiiiIhhHH,1,66,1,148,608d465c12da3dfd,01ca91fe7913c23751cb15fe7713fe4aca3d25eb,DNS
1722973802.919526,CYIeY44U1qSUT7Qujf,192.168.1.4,46313,192.168.1.1,53,udp,0.0021040440000000002,38,120,SF,True,True,0,IIiiiiIhhHH,1,66,1,148,608d465c12da3dfd,01ca91fe7913c23751cb15fe7713fe4aca3d25eb,DNS
1722973682.923366,CIBVBs1EeSGwGK7Fdd,192.168.1.4,36512,54.88.71.74,443,tcp,120.2765128613,2885,8447,SF,True,False,0,ShADadfF,19,3881,19,9443,608d465c12da3dfd,01ca91fe7913c23751cb15fe7713fe4aca3d25eb,HTTPS
1722973838.169448,CNjEX42uglbumb2Do1,192.168.1.4,48188,192.168.1.1,53,udp,0.0017499924,40,100,SF,True,True,0,Dd,1,68,1,128,608d465c12da3dfd,01ca91fe7913c23751cb15fe7713fe4aca3d25eb,DNS
1722973802.878519,Cd2AsvceiNGAfaxj1,192.168.1.4,45386,142.251.111.97,443,udp,0.0017499924,40,100,SF,True,True,0,Dd,1,68,1,128,608d465c12da3dfd,01ca91fe7913c23751cb15fe7713fe4aca3d25eb,HTTPS
1722973862.517091,C4uHqDIQJGjydHYh1,192.168.1.4,53902,192.168.1.1,53,udp,0.0017499924,40,100,SF,True,True,0,Dd,1,68,1,128,608d465c12da3dfd,01ca91fe7913c23751cb15fe7713fe4aca3d25eb,DNS
1722973838.095015,CXXHMi4pcYETRopLb8,192.168.1.4,52144,192.168.1.1,53,udp,0.05585289,33,117,SF,True,True,0,Dd,1,61,1,145,608d465c12da3dfd,01ca91fe7913c23751cb15fe7713fe4aca3d25eb,DNS
1722973832.33382,CaCtxW2LWcoGR9e9T4,192.168.1.4,36749,192.168.1.1,53,udp,0.0946757793,35,428,SF,True,True,0,Dd,1,63,1,456,608d465c12da3dfd,01ca91fe7913c23751cb15fe7713fe4aca3d25eb,DNS
1722973838.172591,CVQEJ1t1yj8DnaJk9,192.168.1.4,44338,192.168.1.1,53,udp,0.0946757793,35,428,SF,True,True,0,Dd,1,63,1,456,608d465c12da3dfd,01ca91fe7913c23751cb15fe7713fe4aca3d25eb,DNS
1722973803.276912,C1HxZ51KrKj2LCjQa4,192.168.1.4,46066,23.218.218.139,443,udp,0.0946757793,35,428,SF,True,True,0,Dd,1,63,1,456,608d465c12da3dfd,01ca91fe7913c23751cb15fe7713fe4aca3d25eb,HTTPS
1722973773.595138,CRjAho3dxB4CyI5Eae,192.168.1.4,39782,142.251.167.190,443,udp,0.0946757793,35,428,SF,True,True,0,IIiiihhhIHHhH,1,63,1,456,b118015ba986b131,f118015ba986b131,HTTPS
1722973826.031307,CbkFBC37bnAjLsF5Te,192.168.1.4,56152,52.182.143.209,443,tcp,0.16972994800000002,4319,5197,SF,True,False,0,ShADdafF,11,4899,9,5673,b118015ba986b131,f118015ba986b131,HTTPS
1722973838.125826,CPFYrC3ffAJV2u5M7a,192.168.1.4,38563,192.168.1.1,53,udp,0.0015830994,46,103,SF,True,True,0,Dd,1,74,1,131,b118015ba986b131,f118015ba986b131,DNS
1722973863.343554,CtH9em4W1TTO7eXbG1,192.168.1.4,47648,172.253.62.101,443,tcp,0.0469620228,1853,8290,SF,True,False,0,ShADadFfRR,11,2409,9,8766,b118015ba986b131,f118015ba986b131,HTTPS
1722973823.350617,CYhVDg1saqESKcGnYg,192.168.1.4,42661,192.168.1.1,53,udp,0.0469620228,1853,8290,SF,True,False,0,ShADadFfRR,11,2409,9,8766,b118015ba986b131,f118015ba986b131,DNS
1722973838.095073,CgOV4f1Xkf0ujwVZpe,192.168.1.4,45890,192.168.1.1,53,udp,0.0469620228,1853,8290,SF,True,False,0,ShADadFfRR,11,2409,9,8766,b118015ba986b131,f118015ba986b131,DNS
1722973801.607269,CyU2jba1XohtqewE,192.168.1.4,52149,35.190.80.1,443,udp,0.0593090057,2736,5006,SF,True,False,0,Dd,5,2876,7,5202,b118015ba986b131,f118015ba986b131,HTTPS
1722973838.108896,CI5Oe7O1h7qWMZVGe,192.168.1.4,42718,192.168.1.1,53,udp,0.0593090057,2736,5006,SF,True,False,0,Dd,5,2876,7,5202,b118015ba986b131,f118015ba986b131,DNS
1722973862.61709,C40hDn2bCD3h39lwDg,192.168.1.4,39659,192.168.1.1,53,udp,0.0593090057,2736,5006,SF,True,False,0,Dd,5,2876,7,5202,b118015ba986b131,f118015ba986b131,DNS
1722973856.444711,Cblmbe3n2vXYmwZji2,192.168.1.4,51056,192.168.1.1,53,udp,0.0020940304,36,154,SF,True,True,0,Dd,1,64,1,182,b118015ba986b131,f118015ba986b131,DNS
1722973803.859385,Cfk9TL3XyY2pGsliMj,192.168.1.4,36480,192.168.1.1,53,udp,0.0259480476,38,165,SF,True,True,0,Dd,1,66,1,193,b118015ba986b131,f118015ba986b131,DNS
1722973862.353404,CIuxX645f0r4CYWLq9,192.168.1.4,40265,192.168.1.1,53,udp,0.0259480476,38,165,SF,True,True,0,Dd,1,66,1,193,b118015ba986b131,f118015ba986b131,DNS
1722973805.13435,C1G4y32YFBWU6ApJa,192.168.1.4,54132,208.89.12.91,443,udp,0.0259480476,38,165,SF,True,True,0,Dd,1,66,1,193,b118015ba986b131,f118015ba986b131,HTTPS
1722973833.990338,C2Go3t4w4hGKn0ckR2,192.168.1.4,42760,192.168.1.1,53,udp,0.0059099197,46,113,SF,True,True,0,Dd,1,74,1,141,b118015ba986b131,f118015ba986b131,DNS
1722973803.018173,CXlpFACXkBimq8oMi,192.168.1.4,38746,192.168.1.1,53,udp,0.0059099197,46,113,SF,True,True,0,Dd,1,74,1,141,b118015ba986b131,f118015ba986b131,DNS
1722973862.587826,CQISF54gWUxYyS36Zf,192.168.1.4,43846,23.218.218.187,443,udp,0.0059099197,46,113,SF,True,True,0,Dd,1,74,1,141,b118015ba986b131,f118015ba986b131,HTTPS
1722973863.108212,ClvWDL30lIbxs5mwD7,192.168.1.4,51382,142.251.167.102,443,udp,0.0059099197,46,113,SF,True,True,0,Dd,1,74,1,141,b118015ba986b131,f118015ba986b131,HTTPS
1722973802.37354,CoVtJjqrHuRIYiwge,192.168.1.4,38630,44.217.247.226,443,udp,0.0059099197,46,113,SF,True,True,0,Dd,1,74,1,141,b118015ba986b131,f118015ba986b131,HTTPS
1722973803.277979,CVBz7G4XlTrrLwUMYa,192.168.1.4,48187,192.168.1.1,53,udp,0.0017449856,40,105,SF,True,True,0,Dd,1,68,1,133,b118015ba986b131,f118015ba986b131,DNS
1722973832.144109,CXIioF4ouVZsVF0l3b,192.168.1.4,41203,192.168.1.1,53,udp,0.08836293220000001,51,138,SF,True,True,0,Dd,1,79,1,166,b118015ba986b131,f118015ba986b131,DNS
1722973772.053811,CcFNYWVP50gbjPloc,192.168.1.4,39816,64.233.180.95,443,tcp,60.0973658562,1868,6720,SF,True,False,0,ShADadFf,13,2552,11,7300,b118015ba986b131,f118015ba986b131,HTTPS
1722973803.261837,CLUW5y1naS16MATDwc,192.168.1.4,48662,192.168.1.1,53,udp,0.0023880005,28,90,SF,True,True,0,Dd,1,56,1,118,b118015ba986b131,f118015ba986b131,DNS
1722973772.8217,CAOldP2bWklcLZ88Ri,192.168.1.4,40979,142.251.111.97,443,udp,0.0023880005,28,90,SF,True,True,0,IIiiihhhIHHhH,1,56,1,118,c7bbfb59e7a20c6b,e7bbfb59e7a20c6b,HTTPS
1722973839.278178,CW4mij4SQrck7tDO56,192.168.1.4,43601,192.168.1.1,53,udp,0.0023880005,28,90,SF,True,True,0,IIiiihhhIHHhH,1,56,1,118,c7bbfb59e7a20c6b,e7bbfb59e7a20c6b,DNS
1722973832.14404,CspFsoBmqg5pOVwza,192.168.1.4,39985,192.168.1.1,53,udp,0.0023880005,28,90,SF,True,True,0,IIiiihhhIHHhH,1,56,1,118,c7bbfb59e7a20c6b,e7bbfb59e7a20c6b,DNS
1722973800.862233,Cmv6SO3p1UyjdSWpS9,192.168.1.4,37552,192.168.1.1,53,udp,0.0019869804,44,213,SF,True,True,0,Dd,1,72,1,241,c7bbfb59e7a20c6b,e7bbfb59e7a20c6b,DNS
1722973805.116254,CxYHs24zk9ItNL5VCb,192.168.1.4,54136,208.89.12.91,443,tcp,0.07689785960000001,1951,5440,SF,True,False,0,ShADadFRf,12,2559,10,5964,c7bbfb59e7a20c6b,e7bbfb59e7a20c6b,HTTPS
1722973772.8217,CAOldP2bWklcLZ88Ri,192.168.1.4,40979,142.251.111.97,443,tcp,0.07689785960000001,1951,5440,SF,True,False,0,ShADadFRf,12,2559,10,5964,c7bbfb59e7a20c6b,e7bbfb59e7a20c6b,HTTPS
1722973832.695358,CLVax93t6u6Q4Bd6sg,192.168.1.4,36172,192.168.1.1,53,udp,0.07689785960000001,1951,5440,SF,True,False,0,ShADadFRf,12,2559,10,5964,c7bbfb59e7a20c6b,e7bbfb59e7a20c6b,DNS
1722973862.684626,Ch9GGu16vXLUe3wOh,192.168.1.4,60688,192.168.1.1,53,udp,0.07689785960000001,1951,5440,SF,True,False,0,ShADadFRf,12,2559,10,5964,c7bbfb59e7a20c6b,e7bbfb59e7a20c6b,DNS
1722973863.343619,CW4LKR35PCAo4F0pM9,192.168.1.4,47652,172.253.62.101,443,tcp,0.046814918500000004,1821,8290,SF,True,False,0,ShADadFfRR,10,2325,8,8714,c7bbfb59e7a20c6b,e7bbfb59e7a20c6b,HTTPS
1722973832.739379,C3WYeH2qWlVFZO0O43,192.168.1.4,60378,192.168.1.1,53,udp,0.0612390041,32,113,SF,True,True,0,Dd,1,60,1,141,c7bbfb59e7a20c6b,e7bbfb59e7a20c6b,DNS
1722973713.665418,CoQK1ew75dBiwjXB9,192.168.1.4,41174,23.212.251.199,443,udp,30.4912891388,4306,5833,SF,True,False,0,Dd,11,4614,14,6225,c7bbfb59e7a20c6b,e7bbfb59e7a20c6b,HTTPS
1722973838.172523,Cc8hEZ1p1yfQZEZuje,192.168.1.4,38092,192.168.1.1,53,udp,0.0172898769,45,356,SF,True,True,0,Dd,1,73,1,384,c7bbfb59e7a20c6b,e7bbfb59e7a20c6b,DNS
1722973862.517186,CAwd0V1nkwbATEREEk,192.168.1.4,32938,192.168.1.1,53,udp,0.0172898769,45,356,SF,True,True,0,Dd,1,73,1,384,c7bbfb59e7a20c6b,e7bbfb59e7a20c6b,DNS
1722973805.1136,CV65dC3u7UIXSpQPUb,192.168.1.4,56740,192.168.1.1,53,udp,0.022562027000000002,37,183,SF,True,True,0,Dd,1,65,1,211,c7bbfb59e7a20c6b,e7bbfb59e7a20c6b,DNS
1722973805.1136,CV65dC3u7UIXSpQPUb,192.168.1.4,56740,192.168.1.1,53,udp,0.022562027000000002,37,183,SF,True,True,0,Dd,1,65,1,211,c7bbfb59e7a20c6b,e7bbfb59e7a20c6b,DNS
1722973826.071363,CbkFBC37bnAjLsF5Te,192.168.1.4,56152,52.182.143.209,443,udp,0.022562027000000002,37,183,SF,True,True,0,Dd,1,65,1,211,c7bbfb59e7a20c6b,e7bbfb59e7a20c6b,HTTPS
1722973802.547245,CkBXY43jiednFFJh22,192.168.1.4,53384,52.206.65.158,443,udp,0.022562027000000002,37,183,SF,True,True,0,Dd,1,65,1,211,c7bbfb59e7a20c6b,e7bbfb59e7a20c6b,HTTPS
1722973862.755424,CcZpSW1ZjiPTSTpUa5,192.168.1.4,43036,23.218.218.175,443,udp,0.022562027000000002,37,183,SF,True,True,0,Dd,1,65,1,211,c7bbfb59e7a20c6b,e7bbfb59e7a20c6b,HTTPS
1722973838.227596,Cftjy54xdouKqN5WJa,192.168.1.4,45293,192.168.1.1,53,udp,0.022562027000000002,37,183,SF,True,True,0,Dd,1,65,1,211,c7bbfb59e7a20c6b,e7bbfb59e7a20c6b,DNS
1722973802.501783,CLkypaNCsgA6q8IVf,192.168.1.4,43041,192.168.1.1,53,udp,0.022562027000000002,37,183,SF,True,True,0,Dd,1,65,1,211,c7bbfb59e7a20c6b,e7bbfb59e7a20c6b,DNS
1722973802.134016,CCg6el2pHq2fK92pY5,192.168.1.4,58654,15.197.167.90,443,tcp,60.16573596,1784,2618,RSTO,True,False,0,ShADadtfR,12,2428,10,4451,c7bbfb59e7a20c6b,e7bbfb59e7a20c6b,HTTPS
1722973802.220213,C3N2rm3t1CdKHkkWwc,192.168.1.4,49129,192.168.1.1,53,udp,0.0087211132,28,90,SF,True,True,0,Dd,1,56,1,118,c7bbfb59e7a20c6b,e7bbfb59e7a20c6b,DNS
1722973838.227712,CrTbuB1KT3eMiiQEff,192.168.1.4,48948,192.168.1.1,53,udp,0.0218710899,34,283,SF,True,True,0,Dd,1,62,1,311,c7bbfb59e7a20c6b,e7bbfb59e7a20c6b,DNS
1722973832.14404,CspFsoBmqg5pOVwza,192.168.1.4,39985,192.168.1.1,53,udp,0.0880498886,51,252,SF,True,True,0,Dd,1,79,1,280,c7bbfb59e7a20c6b,e7bbfb59e7a20c6b,DNS
1722973865.485699,CiEKh64DLBKczWmNEf,192.168.1.4,50220,192.168.1.1,53,udp,0.0880498886,51,252,SF,True,True,0,Dd,1,79,1,280,c7bbfb59e7a20c6b,e7bbfb59e7a20c6b,DNS
1722973862.708674,CK2v026g4760FZEna,192.168.1.4,59262,13.224.214.43,443,udp,0.0880498886,51,252,SF,True,True,0,Dd,1,79,1,280,c7bbfb59e7a20c6b,e7bbfb59e7a20c6b,HTTPS
1722973838.150745,C6Hhe543BBOSzOsdXf,192.168.1.4,35841,192.168.1.1,53,udp,0.0880498886,51,252,SF,True,True,0,Dd,1,79,1,280,c7bbfb59e7a20c6b,e7bbfb59e7a20c6b,DNS
1722973802.602333,C2jSQk17gVxHwCSfGc,192.168.1.4,60780,52.7.191.14,443,tcp,60.3979659081,2529,5740,RSTO,True,False,0,ShADadR,14,3265,12,6372,c7bbfb59e7a20c6b,e7bbfb59e7a20c6b,HTTPS
1722973802.493159,CAYQed3IgHjLapoEc2,192.168.1.4,44194,192.168.1.1,53,udp,60.3979659081,2529,5740,RSTO,True,False,0,ShADadR,14,3265,12,6372,c7bbfb59e7a20c6b,e7bbfb59e7a20c6b,DNS
1722973862.626655,CcfGN618UhD5pY8Mnj,192.168.1.4,58851,192.168.1.1,53,udp,60.3979659081,2529,5740,RSTO,True,False,0,ShADadR,14,3265,12,6372,c7bbfb59e7a20c6b,e7bbfb59e7a20c6b,DNS
1722973832.137608,CDuFc22gbSX6cEG0P7,192.168.1.4,59400,192.168.1.1,53,udp,60.3979659081,2529,5740,RSTO,True,False,0,ShADadR,14,3265,12,6372,c7bbfb59e7a20c6b,e7bbfb59e7a20c6b,DNS
1722973833.382537,Cvsf7R11DModhtl2Ul,192.168.1.4,48560,192.168.1.1,53,udp,0.0023491383000000003,43,107,SF,True,True,0,Dd,1,71,1,135,c7bbfb59e7a20c6b,e7bbfb59e7a20c6b,DNS
1722973838.135599,CVydSS11P8VtTDkp8e,192.168.1.4,53972,142.251.167.101,443,udp,0.0023491383000000003,43,107,SF,True,True,0,Dd,1,71,1,135,c7bbfb59e7a20c6b,e7bbfb59e7a20c6b,HTTPS
1722973835.220897,CImsREXp13QyXTTLi,192.168.1.4,36800,104.18.28.127,443,udp,0.0023491383000000003,43,107,SF,True,True,0,Dd,1,71,1,135,c7bbfb59e7a20c6b,e7bbfb59e7a20c6b,HTTPS
1722973771.912796,C1zeA74SyWdfXJwQUi,192.168.1.4,39343,192.168.1.1,53,udp,0.0161180496,45,481,SF,True,True,0,Dd,1,73,1,509,c7bbfb59e7a20c6b,e7bbfb59e7a20c6b,DNS
1722973803.859262,CrwP2d2w0iK3NXVwvi,192.168.1.4,47654,192.168.1.1,53,udp,0.0161180496,45,481,SF,True,True,0,Dd,1,73,1,509,c7bbfb59e7a20c6b,e7bbfb59e7a20c6b,DNS
1722973803.26146,C1HxZ51KrKj2LCjQa4,192.168.1.4,46066,23.218.218.139,443,tcp,60.0819559097,1869,5625,RSTO,True,False,0,ShADadfR,12,2513,14,6361,c7bbfb59e7a20c6b,e7bbfb59e7a20c6b,HTTPS
1722973839.920392,CIuZkt3xh3oC2BL2w6,192.168.1.4,46002,52.182.143.209,443,tcp,60.0819559097,1869,5625,RSTO,True,False,0,ShADadfR,12,2513,14,6361,c7bbfb59e7a20c6b,e7bbfb59e7a20c6b,HTTPS
1722973773.988962,CqsCbO20ba3To36Wzh,192.168.1.4,44837,64.233.180.95,443,udp,0.0695021152,4026,8772,SF,True,False,0,Dd,7,4222,10,9052,c7bbfb59e7a20c6b,e7bbfb59e7a20c6b,HTTPS
1722973772.22892,CR41fuhutC6Ywl0k7,192.168.1.4,40149,192.168.1.1,53,udp,0.0018770695,36,432,SF,True,True,0,Dd,1,64,1,460,c7bbfb59e7a20c6b,e7bbfb59e7a20c6b,DNS
1722973832.737303,CU06pPWyIrPWESfx9,192.168.1.4,48662,192.168.1.1,53,udp,0.0015819073000000001,44,108,SF,True,True,0,Dd,1,72,1,136,c7bbfb59e7a20c6b,e7bbfb59e7a20c6b,DNS
1722973802.928305,CGMcpD3qm1Igw2Dknb,192.168.1.4,33648,192.168.1.1,53,udp,0.0015819073000000001,44,108,SF,True,True,0,Dd,1,72,1,136,c7bbfb59e7a20c6b,e7bbfb59e7a20c6b,DNS
1722973862.758729,C0uatk3zqPCq9x9lO,192.168.1.4,39876,192.168.1.1,53,udp,0.0015819073000000001,44,108,SF,True,True,0,Dd,1,72,1,136,c7bbfb59e7a20c6b,e7bbfb59e7a20c6b,DNS
1722973803.260966,Ct2ROZ29RMJmadZpL,192.168.1.4,53108,142.251.179.94,443,udp,0.0557918549,3984,8573,SF,True,False,0,Dd,6,4152,9,8825,c7bbfb59e7a20c6b,e7bbfb59e7a20c6b,HTTPS
1722973745.386241,CMKw6r15aH6Q8B9FRl,192.168.1.4,57788,23.73.207.154,443,udp,0.0557918549,3984,8573,SF,True,False,0,IIiishH,6,4152,9,8825,cdbcfe5af3e12b34,0f36c406d2800c29,HTTPS
1722973867.514928,Coazj135f2CoD3NXmf,192.168.1.4,57116,23.220.133.192,80,udp,0.0,3984,8573,SF,False,False,0,IIiishH,6,4152,9,8825,cdbcfe5af3e12b34,0f36c406d2800c29,HTTP
1722973863.332312,CbNlhqGb0CPJzZv66,192.168.1.4,50782,192.168.1.1,53,udp,0.0,3984,8573,SF,False,False,0,IIiishH,6,4152,9,8825,cdbcfe5af3e12b34,0f36c406d2800c29,DNS
1722973832.801592,CSXZQoPPuPdtYQdb8,192.168.1.4,46960,23.220.125.194,443,udp,0.0,3984,8573,SF,False,False,0,IIiishH,6,4152,9,8825,cdbcfe5af3e12b34,0f36c406d2800c29,HTTPS
1722973771.957968,Cy8tuq26bCjOfkQcvi,192.168.1.4,52047,162.159.137.232,443,udp,0.0,3984,8573,SF,False,False,0,IIiiihhIHH,6,4152,9,8825,0f687ef5bcdac98b,013b6f1b5437e598b23aab1a6137d0550fcc0e34,HTTPS
1722973802.493225,CzoTNTQg42puiHuji,192.168.1.4,48595,192.168.1.1,53,udp,0.0,3984,8573,SF,False,False,0,IIiiihhIHH,6,4152,9,8825,0f687ef5bcdac98b,013b6f1b5437e598b23aab1a6137d0550fcc0e34,DNS
1722973571.456522,CDRtVP2BrGukKFR55e,192.168.1.4,43384,23.73.207.169,443,tcp,262.3471610546,16896,19371,SF,True,False,0,ShADadfF,39,18932,45,21719,0f687ef5bcdac98b,013b6f1b5437e598b23aab1a6137d0550fcc0e34,HTTPS
1722973803.013829,CmFYzG4z7rqvn8X3V2,192.168.1.4,59697,192.168.1.1,53,udp,262.3471610546,16896,19371,SF,True,False,0,ShADadfF,39,18932,45,21719,0f687ef5bcdac98b,013b6f1b5437e598b23aab1a6137d0550fcc0e34,DNS
1722973832.737303,CU06pPWyIrPWESfx9,192.168.1.4,48662,192.168.1.1,53,udp,262.3471610546,16896,19371,SF,True,False,0,ShADadfF,39,18932,45,21719,0f687ef5bcdac98b,013b6f1b5437e598b23aab1a6137d0550fcc0e34,DNS
1722973853.245581,CcHNS034mGQEFXDr5g,192.168.1.4,54030,128.102.22.74,443,udp,262.3471610546,16896,19371,SF,True,False,0,ShADadfF,39,18932,45,21719,0f687ef5bcdac98b,013b6f1b5437e598b23aab1a6137d0550fcc0e34,HTTPS
1722973803.261435,CHHYQA3d0IO06gZ7Te,192.168.1.4,54318,192.168.1.1,53,udp,262.3471610546,16896,19371,SF,True,False,0,ShADadfF,39,18932,45,21719,0f687ef5bcdac98b,013b6f1b5437e598b23aab1a6137d0550fcc0e34,DNS
1722973808.184391,Cq3MNV1fRhlEwNoPqc,192.168.1.4,44546,192.168.1.1,53,udp,0.0174889565,37,223,SF,True,True,0,Dd,1,65,1,251,0f687ef5bcdac98b,013b6f1b5437e598b23aab1a6137d0550fcc0e34,DNS
1722973837.207052,C49WOj1SgkBFJoBwSg,192.168.1.4,32793,192.168.1.1,53,udp,0.0016510487,63,63,SF,True,True,0,Dd,1,91,1,91,0f687ef5bcdac98b,013b6f1b5437e598b23aab1a6137d0550fcc0e34,DNS
1722973802.24162,CZqIOT1Z0FajiudjS2,192.168.1.4,58666,15.197.167.90,443,udp,0.0016510487,63,63,SF,True,True,0,Dd,1,91,1,91,0f687ef5bcdac98b,013b6f1b5437e598b23aab1a6137d0550fcc0e34,HTTPS
1722973772.917293,CgqihxImnV9glCezc,192.168.1.4,44809,192.168.1.1,53,udp,0.0312838554,42,121,SF,True,True,0,Dd,1,70,1,149,0f687ef5bcdac98b,013b6f1b5437e598b23aab1a6137d0550fcc0e34,DNS
1722973802.616752,C2jSQk17gVxHwCSfGc,192.168.1.4,60780,52.7.191.14,443,udp,0.0312838554,42,121,SF,True,True,0,Dd,1,70,1,149,0f687ef5bcdac98b,013b6f1b5437e598b23aab1a6137d0550fcc0e34,HTTPS
1722973771.929473,CnMkzf1pHIp5tOJwX8,192.168.1.4,59403,35.186.236.0,443,udp,0.0563151836,2730,6195,SF,True,False,0,Dd,5,2870,8,6419,0f687ef5bcdac98b,013b6f1b5437e598b23aab1a6137d0550fcc0e34,HTTPS
1722973826.029331,CImzV52ieQ4sYGwfCj,192.168.1.4,54998,192.168.1.1,53,udp,0.0010049343,63,63,SF,True,True,0,Dd,1,91,1,91,0f687ef5bcdac98b,013b6f1b5437e598b23aab1a6137d0550fcc0e34,DNS
1722973803.146619,CcpBam4FygZqHWdFui,192.168.1.4,41725,192.168.1.1,53,udp,0.0010049343,63,63,SF,True,True,0,Dd,1,91,1,91,0f687ef5bcdac98b,013b6f1b5437e598b23aab1a6137d0550fcc0e34,DNS
1722973770.606323,CfpOMK2z2N173G4l3,192.168.1.4,58679,192.168.1.1,53,udp,0.0005300045,61,61,SF,True,True,0,Dd,1,89,1,89,0f687ef5bcdac98b,013b6f1b5437e598b23aab1a6137d0550fcc0e34,DNS
1722973862.575277,CShN5wqEVN0McZBti,192.168.1.4,43030,23.218.218.175,443,tcp,0.0304179192,1821,4987,RSTO,True,False,0,ShADadFR,8,2233,7,5359,0f687ef5bcdac98b,013b6f1b5437e598b23aab1a6137d0550fcc0e34,HTTPS
1722973838.227816,CKiAb3ZQNJbkdbQDg,192.168.1.4,38358,192.168.1.1,53,udp,0.0304179192,1821,4987,RSTO,True,False,0,ShADadFR,8,2233,7,5359,0f687ef5bcdac98b,013b6f1b5437e598b23aab1a6137d0550fcc0e34,DNS
1722973773.595138,CRjAho3dxB4CyI5Eae,192.168.1.4,39782,142.251.167.190,443,udp,0.0724790096,4027,9411,SF,True,False,0,Dd,7,4223,10,9691,0f687ef5bcdac98b,013b6f1b5437e598b23aab1a6137d0550fcc0e34,HTTPS
1722973800.862233,Cmv6SO3p1UyjdSWpS9,192.168.1.4,37552,192.168.1.1,53,udp,0.0724790096,4027,9411,SF,True,False,0,Dd,7,4223,10,9691,0f687ef5bcdac98b,013b6f1b5437e598b23aab1a6137d0550fcc0e34,DNS
1722973823.350617,CYhVDg1saqESKcGnYg,192.168.1.4,42661,192.168.1.1,53,udp,0.0019459724000000002,50,355,SF,True,True,0,Dd,1,78,1,383,0f687ef5bcdac98b,013b6f1b5437e598b23aab1a6137d0550fcc0e34,DNS
1722973803.146689,Cy81eq1PreQQbsJRj7,192.168.1.4,54899,192.168.1.1,53,udp,0.0192410946,35,119,SF,True,True,0,Dd,1,63,1,147,0f687ef5bcdac98b,013b6f1b5437e598b23aab1a6137d0550fcc0e34,DNS
1722973862.515536,CNwO1I1Dy9W6RkYuIh,192.168.1.4,43426,192.168.1.1,53,udp,0.0192410946,35,119,SF,True,True,0,Dd,1,63,1,147,0f687ef5bcdac98b,013b6f1b5437e598b23aab1a6137d0550fcc0e34,DNS
1722973803.261545,CHJyWj429dAz12eZz7,192.168.1.4,43027,192.168.1.1,53,udp,0.016222953800000002,31,175,SF,True,True,0,Dd,1,59,1,203,0f687ef5bcdac98b,013b6f1b5437e598b23aab1a6137d0550fcc0e34,DNS
1722973771.905859,CKpzIs13DkOf8cRBAl,192.168.1.4,44045,192.168.1.1,53,udp,0.0022399426,29,394,SF,True,True,0,Dd,1,57,1,422,0f687ef5bcdac98b,013b6f1b5437e598b23aab1a6137d0550fcc0e34,DNS
1722973832.695565,Cd2urL3eDgMOGeJWN3,192.168.1.4,58210,192.168.1.1,53,udp,0.0022399426,29,394,SF,True,True,0,Dd,1,57,1,422,0f687ef5bcdac98b,013b6f1b5437e598b23aab1a6137d0550fcc0e34,DNS
1722973741.911695,CnxVyT3xSRf6E9FGof,192.168.1.4,52656,146.75.36.237,443,tcp,60.2353789806,2019,477,SF,True,False,0,ShADadFfR,9,2471,9,953,0f687ef5bcdac98b,013b6f1b5437e598b23aab1a6137d0550fcc0e34,HTTPS
1722973862.353404,CIuxX645f0r4CYWLq9,192.168.1.4,40265,192.168.1.1,53,udp,0.0447380543,30,128,SF,True,True,0,Dd,1,58,1,156,0f687ef5bcdac98b,013b6f1b5437e598b23aab1a6137d0550fcc0e34,DNS
1722973773.519754,CuWEB31EnX9D8i5Tl7,192.168.1.4,39389,192.168.1.1,53,udp,0.0062081814,33,330,SF,True,True,0,Dd,1,61,1,358,0f687ef5bcdac98b,013b6f1b5437e598b23aab1a6137d0550fcc0e34,DNS
1722973802.227409,CG62IWWbGg5TSOPR1,192.168.1.4,35095,192.168.1.1,53,udp,0.0062081814,33,330,SF,True,True,0,Dd,1,61,1,358,0f687ef5bcdac98b,013b6f1b5437e598b23aab1a6137d0550fcc0e34,DNS
1722973838.227816,CKiAb3ZQNJbkdbQDg,192.168.1.4,38358,192.168.1.1,53,udp,0.0065720081,34,118,SF,True,True,0,Dd,1,62,1,146,0f687ef5bcdac98b,013b6f1b5437e598b23aab1a6137d0550fcc0e34,DNS
1722973862.500414,CU8yBF42xLOC74POj,192.168.1.4,33488,192.168.1.1,53,udp,0.0065720081,34,118,SF,True,True,0,Dd,1,62,1,146,0f687ef5bcdac98b,013b6f1b5437e598b23aab1a6137d0550fcc0e34,DNS
1722973863.039305,CAzwVO3kudzIeb33yj,192.168.1.4,36604,192.168.1.1,53,udp,0.0065720081,34,118,SF,True,True,0,Dd,1,62,1,146,0f687ef5bcdac98b,013b6f1b5437e598b23aab1a6137d0550fcc0e34,DNS
1722973862.511049,CLKRLy4w5QWEgEqdPd,192.168.1.4,46277,192.168.1.1,53,udp,0.0065720081,34,118,SF,True,True,0,Dd,1,62,1,146,0f687ef5bcdac98b,013b6f1b5437e598b23aab1a6137d0550fcc0e34,DNS
1722973803.146689,Cy81eq1PreQQbsJRj7,192.168.1.4,54899,192.168.1.1,53,udp,0.0065720081,34,118,SF,True,True,0,Dd,1,62,1,146,0f687ef5bcdac98b,013b6f1b5437e598b23aab1a6137d0550fcc0e34,DNS
1722973803.041619,CY3FlEvZTW1fV7Zw1,192.168.1.4,51822,142.251.179.147,443,udp,0.0065720081,34,118,SF,True,True,0,Dd,1,62,1,146,0f687ef5bcdac98b,013b6f1b5437e598b23aab1a6137d0550fcc0e34,HTTPS
1722973832.695638,C7NEaG4phyC23eWKL4,192.168.1.4,37770,192.168.1.1,53,udp,0.0065720081,34,118,SF,True,True,0,Dd,1,62,1,146,0f687ef5bcdac98b,013b6f1b5437e598b23aab1a6137d0550fcc0e34,DNS
1722973863.036815,CK6Bq43b4bcctQbOSa,192.168.1.4,49981,192.168.1.1,53,udp,0.0065720081,34,118,SF,True,True,0,Dd,1,62,1,146,0f687ef5bcdac98b,013b6f1b5437e598b23aab1a6137d0550fcc0e34,DNS
1722973802.49918,C0HTv12kRE4Njui7yh,192.168.1.4,40495,192.168.1.1,53,udp,0.0057480335,40,105,SF,True,True,0,Dd,1,68,1,133,0f687ef5bcdac98b,013b6f1b5437e598b23aab1a6137d0550fcc0e34,DNS
1722973863.256509,CfhxS6R5VMVB1nxmk,192.168.1.4,56850,142.251.167.94,443,udp,0.0057480335,40,105,SF,True,True,0,Dd,1,68,1,133,0f687ef5bcdac98b,013b6f1b5437e598b23aab1a6137d0550fcc0e34,HTTPS
1722973803.045855,CzBIGo3QSJk0qMXg0b,192.168.1.4,50688,216.239.38.181,443,udp,0.0057480335,40,105,SF,True,True,0,Dd,1,68,1,133,0f687ef5bcdac98b,013b6f1b5437e598b23aab1a6137d0550fcc0e34,HTTPS
1722973862.515605,CbaTDW2dvnYdSc9IFe,192.168.1.4,53156,192.168.1.1,53,udp,0.0057480335,40,105,SF,True,True,0,Dd,1,68,1,133,0f687ef5bcdac98b,013b6f1b5437e598b23aab1a6137d0550fcc0e34,DNS
1722973856.464556,CH2Upt71PYnkV8DS8,192.168.1.4,42374,204.79.197.239,443,udp,0.0057480335,40,105,SF,True,True,0,Dd,1,68,1,133,0f687ef5bcdac98b,013b6f1b5437e598b23aab1a6137d0550fcc0e34,HTTPS
1722973802.354967,C1ygSy2EL17f1kwDV5,192.168.1.4,48496,192.168.1.1,53,udp,0.0028839111000000003,46,111,SF,True,True,0,Dd,1,74,1,139,0f687ef5bcdac98b,013b6f1b5437e598b23aab1a6137d0550fcc0e34,DNS
1722973808.007475,C539vA2Zo6QgseuEE7,192.168.1.4,49736,216.239.38.181,443,udp,0.0028839111000000003,46,111,SF,True,True,0,IIiiihhhIHHhH,1,74,1,139,735c7a18a4eeb321,f35c7a18a4eeb321,HTTPS
1722973800.862354,CaJNup121lgdA0RGHd,192.168.1.4,33743,192.168.1.1,53,udp,0.0028839111000000003,46,111,SF,True,True,0,IIiiihhhIHHhH,1,74,1,139,735c7a18a4eeb321,f35c7a18a4eeb321,DNS
1722973838.095128,C1mA223Nu9OjRBUwV7,192.168.1.4,40860,192.168.1.1,53,udp,0.0178289413,30,152,SF,True,True,0,Dd,1,58,1,180,735c7a18a4eeb321,f35c7a18a4eeb321,DNS
1722973802.531391,Ch5l27oPschzgElpa,192.168.1.4,46052,23.218.218.139,443,udp,0.0178289413,30,152,SF,True,True,0,Dd,1,58,1,180,735c7a18a4eeb321,f35c7a18a4eeb321,HTTPS
1722973832.334208,CJpK3oOMQMTqd50J9,192.168.1.4,44953,192.168.1.1,53,udp,0.0935139656,35,170,SF,True,True,0,Dd,1,63,1,198,735c7a18a4eeb321,f35c7a18a4eeb321,DNS
1722973834.837619,CkRyez25FFPw6WoDrg,192.168.1.4,39840,63.140.39.35,443,tcp,30.5176680088,19025,6661,SF,True,False,0,ShADadFfR,29,20517,34,8437,735c7a18a4eeb321,f35c7a18a4eeb321,HTTPS
1722973862.636796,CzG9sfmOzXi4rAJd1,192.168.1.4,48206,192.168.1.1,53,udp,30.5176680088,19025,6661,SF,True,False,0,ShADadFfR,29,20517,34,8437,735c7a18a4eeb321,f35c7a18a4eeb321,DNS
1722973862.515409,CYGtS73gBGYFgJpHJ7,192.168.1.4,39276,192.168.1.1,53,udp,30.5176680088,19025,6661,SF,True,False,0,ShADadFfR,29,20517,34,8437,735c7a18a4eeb321,f35c7a18a4eeb321,DNS
1722973826.029331,CImzV52ieQ4sYGwfCj,192.168.1.4,54998,192.168.1.1,53,udp,30.5176680088,19025,6661,SF,True,False,0,ShADadFfR,29,20517,34,8437,735c7a18a4eeb321,f35c7a18a4eeb321,DNS
1722973862.586982,CILo2p2kq0R0K6OVqi,192.168.1.4,50304,192.168.1.1,53,udp,30.5176680088,19025,6661,SF,True,False,0,ShADadFfR,29,20517,34,8437,735c7a18a4eeb321,f35c7a18a4eeb321,DNS
1722973803.046974,Cwpnxq35Z6q6BvqCo6,192.168.1.4,42038,64.233.180.155,443,udp,30.5176680088,19025,6661,SF,True,False,0,ShADadFfR,29,20517,34,8437,735c7a18a4eeb321,f35c7a18a4eeb321,HTTPS
1722973805.87685,CdqTzq1vrs1rBlPzcb,192.168.1.4,44799,192.168.1.1,53,udp,0.0012910366,49,115,SF,True,True,0,Dd,1,77,1,143,735c7a18a4eeb321,f35c7a18a4eeb321,DNS
1722973772.684965,CeqR9hNOWuxK0opIg,192.168.1.4,49995,104.18.28.203,443,udp,0.06876420970000001,4650,12024,SF,True,False,0,Dd,11,4958,15,12444,735c7a18a4eeb321,f35c7a18a4eeb321,HTTPS
1722973802.499512,CB2WAX1B0JtFYxKanh,192.168.1.4,50948,192.168.1.1,53,udp,0.06876420970000001,4650,12024,SF,True,False,0,Dd,11,4958,15,12444,735c7a18a4eeb321,f35c7a18a4eeb321,DNS
1722973771.905772,CksOw51ZiklyXEYRR7,192.168.1.4,52157,192.168.1.1,53,udp,0.0017139912,29,425,SF,True,True,0,Dd,1,57,1,453,735c7a18a4eeb321,f35c7a18a4eeb321,DNS
1722973771.908606,CiwSnp2ruetQ6YIH97,192.168.1.4,38070,162.159.136.232,443,udp,0.0017139912,29,425,SF,True,True,0,Dd,1,57,1,453,735c7a18a4eeb321,f35c7a18a4eeb321,HTTPS
1722973803.133072,CLzFUuU0zpY3COtK3,192.168.1.4,41454,31.13.71.36,443,udp,0.0017139912,29,425,SF,True,True,0,Dd,1,57,1,453,735c7a18a4eeb321,f35c7a18a4eeb321,HTTPS
1722973862.313143,CtFSty44wmfDRtuKBj,192.168.1.4,56836,151.101.194.132,443,udp,0.0017139912,29,425,SF,True,True,0,Dd,1,57,1,453,735c7a18a4eeb321,f35c7a18a4eeb321,HTTPS
1722973832.33382,CaCtxW2LWcoGR9e9T4,192.168.1.4,36749,192.168.1.1,53,udp,0.0017139912,29,425,SF,True,True,0,Dd,1,57,1,453,735c7a18a4eeb321,f35c7a18a4eeb321,DNS
1722973832.717062,C7QpmXo73PkpT5pS4,192.168.1.4,57528,192.168.1.1,53,udp,0.0017139912,29,425,SF,True,True,0,Dd,1,57,1,453,735c7a18a4eeb321,f35c7a18a4eeb321,DNS
1722973826.029083,CmKXmQ33Nhv7zb9PIf,192.168.1.4,53495,192.168.1.1,53,udp,0.0017139912,29,425,SF,True,True,0,Dd,1,57,1,453,735c7a18a4eeb321,f35c7a18a4eeb321,DNS
1722973833.990118,CdTi4y4bMkOl3nZuN2,192.168.1.4,41577,192.168.1.1,53,udp,0.0017139912,29,425,SF,True,True,0,Dd,1,57,1,453,735c7a18a4eeb321,f35c7a18a4eeb321,DNS
1722973803.261837,CLUW5y1naS16MATDwc,192.168.1.4,48662,192.168.1.1,53,udp,0.0017139912,29,425,SF,True,True,0,Dd,1,57,1,453,735c7a18a4eeb321,f35c7a18a4eeb321,DNS
1722973715.704619,CRj0RG3bvvqkHZtgAh,192.168.1.4,44624,104.18.38.233,80,tcp,118.0907950401,438,775,SF,True,False,0,ShADadFf,17,1330,15,1563,735c7a18a4eeb321,f35c7a18a4eeb321,HTTP
1722973772.684364,COyZt64wDsiBCKplF1,192.168.1.4,33452,192.168.1.1,53,udp,0.0163660049,42,313,SF,True,True,0,Dd,1,70,1,341,735c7a18a4eeb321,f35c7a18a4eeb321,DNS
1722973808.202235,C2oTFu1te9pqKnAX3c,192.168.1.4,41700,192.168.1.1,53,udp,0.0057730675,82,164,SF,True,True,0,Dd,1,110,1,192,735c7a18a4eeb321,f35c7a18a4eeb321,DNS
1722973772.229026,CipvBd1bUTv2kqq9D,192.168.1.4,36595,192.168.1.1,53,udp,0.0169639587,36,401,SF,True,True,0,Dd,1,64,1,429,735c7a18a4eeb321,f35c7a18a4eeb321,DNS
1722973803.859385,Cfk9TL3XyY2pGsliMj,192.168.1.4,36480,192.168.1.1,53,udp,0.0169639587,36,401,SF,True,True,0,Dd,1,64,1,429,735c7a18a4eeb321,f35c7a18a4eeb321,DNS
1722973838.246949,CFih2I1VD532nGsp14,192.168.1.4,34216,64.233.180.154,443,udp,0.0169639587,36,401,SF,True,True,0,Dd,1,64,1,429,735c7a18a4eeb321,f35c7a18a4eeb321,HTTPS
1722973838.108896,CI5Oe7O1h7qWMZVGe,192.168.1.4,42718,192.168.1.1,53,udp,0.016754865600000002,42,121,SF,True,True,0,Dd,1,70,1,149,735c7a18a4eeb321,f35c7a18a4eeb321,DNS
1722973862.608538,CDQv9i4u8nBnHtGTZ5,192.168.1.4,57392,3.166.192.90,443,tcp,0.0456151962,1858,6193,SF,True,False,0,ShADadFRfR,12,2454,11,6773,735c7a18a4eeb321,f35c7a18a4eeb321,HTTPS
1722973682.469357,CbZeBy336iq8REVqI9,192.168.1.4,35498,69.147.92.12,443,tcp,115.7219569683,2270,13391,SF,True,False,0,ShADadfF,18,3214,21,14491,735c7a18a4eeb321,f35c7a18a4eeb321,HTTPS
1722973803.023215,CvMmn63d5x1MA3ILl7,192.168.1.4,50266,192.168.1.1,53,udp,0.0083339214,41,101,SF,True,True,0,Dd,1,69,1,129,735c7a18a4eeb321,f35c7a18a4eeb321,DNS
1722973772.324735,CH5DPl3J8VRCpYZla9,192.168.1.4,33590,192.168.1.1,53,udp,0.06397008900000001,42,169,SF,True,True,0,Dd,1,70,1,197,735c7a18a4eeb321,f35c7a18a4eeb321,DNS
1722973862.622709,Cc2TkF2EHVcjfGbMMk,192.168.1.4,57388,3.166.192.90,443,udp,0.06397008900000001,42,169,SF,True,True,0,Dd,1,70,1,197,735c7a18a4eeb321,f35c7a18a4eeb321,HTTPS
1722973862.601337,CNA5YT3cLv6AA0tXW8,192.168.1.4,34936,192.168.1.1,53,udp,0.06397008900000001,42,169,SF,True,True,0,Dd,1,70,1,197,735c7a18a4eeb321,f35c7a18a4eeb321,DNS
1722973803.023136,C07l3E2cj6xsx3LZwj,192.168.1.4,42693,192.168.1.1,53,udp,0.0082390308,41,363,SF,True,True,0,Dd,1,69,1,391,735c7a18a4eeb321,f35c7a18a4eeb321,DNS
1722973805.154331,C1k8KqaFCAJwfE43i,192.168.1.4,36968,34.120.154.120,443,udp,0.0082390308,41,363,SF,True,True,0,Dd,1,69,1,391,735c7a18a4eeb321,f35c7a18a4eeb321,HTTPS
1722973863.108807,CSFK0xVPPUPQrDq9e,192.168.1.4,42888,192.168.1.1,53,udp,0.0082390308,41,363,SF,True,True,0,Dd,1,69,1,391,735c7a18a4eeb321,f35c7a18a4eeb321,DNS
1722973802.569423,CDzTsn1IJ3K7Nso51,192.168.1.4,52004,192.168.1.1,53,udp,0.0082390308,41,363,SF,True,True,0,Dd,1,69,1,391,735c7a18a4eeb321,f35c7a18a4eeb321,DNS
1722973839.313183,CCJNl71RA2PPErDwOc,192.168.1.4,49176,13.107.253.40,443,udp,0.0082390308,41,363,SF,True,True,0,Dd,1,69,1,391,735c7a18a4eeb321,f35c7a18a4eeb321,HTTPS
1722973863.036686,CbPhe53vqjgjQtFQe3,192.168.1.4,53256,192.168.1.1,53,udp,0.0082390308,41,363,SF,True,True,0,Dd,1,69,1,391,735c7a18a4eeb321,f35c7a18a4eeb321,DNS
1722973801.51979,Cf8F6L3DuB2PSgmIRi,192.168.1.4,50495,192.168.1.1,53,udp,0.0082390308,41,363,SF,True,True,0,Dd,1,69,1,391,735c7a18a4eeb321,f35c7a18a4eeb321,DNS
1722973802.499512,CB2WAX1B0JtFYxKanh,192.168.1.4,50948,192.168.1.1,53,udp,0.0056290627000000005,42,99,SF,True,True,0,Dd,1,70,1,127,735c7a18a4eeb321,f35c7a18a4eeb321,DNS
1722973803.181509,COlKhz2nm5IAHOHfU4,192.168.1.4,56298,13.224.214.105,443,udp,0.0056290627000000005,42,99,SF,True,True,0,Dd,1,70,1,127,735c7a18a4eeb321,f35c7a18a4eeb321,HTTPS
1722973771.957968,Cy8tuq26bCjOfkQcvi,192.168.1.4,52047,162.159.137.232,443,udp,1.6885941029,36724,2031368,SF,True,False,0,Dd,295,44984,1804,2081880,735c7a18a4eeb321,f35c7a18a4eeb321,HTTPS
1722973863.376498,Cj5QBE4yC5W6FZ9lHc,192.168.1.4,54822,104.18.19.62,443,udp,1.6885941029,36724,2031368,SF,True,False,0,Dd,295,44984,1804,2081880,735c7a18a4eeb321,f35c7a18a4eeb321,HTTPS
1722973741.88591,C6fCUpttqRfd9zSQ5,192.168.1.4,52394,142.251.179.94,443,tcp,60.2632598877,2258,2430,SF,True,False,0,ShADadFf,9,2734,7,2802,735c7a18a4eeb321,f35c7a18a4eeb321,HTTPS
1722973802.020423,CYxULI36LGexBcpzaa,192.168.1.4,32839,192.168.1.1,53,udp,0.11283016200000001,28,125,SF,True,True,0,Dd,1,56,1,153,735c7a18a4eeb321,f35c7a18a4eeb321,DNS
1722973833.281059,CFUZyD3NfNUeWIhZyh,192.168.1.4,57642,192.168.1.1,53,udp,0.0020990372000000003,63,134,SF,True,True,0,Dd,1,91,1,162,735c7a18a4eeb321,f35c7a18a4eeb321,DNS
1722973862.588502,CSebc9Nq4YXpO7LMj,192.168.1.4,43026,23.218.218.175,443,udp,0.0020990372000000003,63,134,SF,True,True,0,Dd,1,91,1,162,735c7a18a4eeb321,f35c7a18a4eeb321,HTTPS
1722973867.514801,CTJMwK3PqlK4or5PRj,192.168.1.4,57122,23.220.133.192,80,udp,0.0020990372000000003,63,134,SF,True,True,0,Dd,1,91,1,162,735c7a18a4eeb321,f35c7a18a4eeb321,HTTP
1722973832.725194,CRhyuc3dK8N0H0K2Gh,192.168.1.4,33375,192.168.1.1,53,udp,0.0020990372000000003,63,134,SF,True,True,0,Dd,1,91,1,162,735c7a18a4eeb321,f35c7a18a4eeb321,DNS
1722973805.874252,C8lSyH1yrlIw1UCYy4,192.168.1.4,40668,192.168.1.1,53,udp,0.0018839836,37,428,SF,True,True,0,Dd,1,65,1,456,735c7a18a4eeb321,f35c7a18a4eeb321,DNS
1722973862.249536,C9VzMv3lW8R5mxAKgc,192.168.1.4,46874,192.168.1.1,53,udp,0.0492708683,26,345,SF,True,True,0,Dd,1,54,1,373,735c7a18a4eeb321,f35c7a18a4eeb321,DNS
1722973805.154676,C4tTsTngSy5rWrdQk,192.168.1.4,36970,34.120.154.120,443,udp,0.0492708683,26,345,SF,True,True,0,Dd,1,54,1,373,735c7a18a4eeb321,f35c7a18a4eeb321,HTTPS
1722973862.479657,CuPF8C43vTNskNy0T4,192.168.1.4,52145,192.168.1.1,53,udp,0.0492708683,26,345,SF,True,True,0,Dd,1,54,1,373,735c7a18a4eeb321,f35c7a18a4eeb321,DNS
1722973863.357491,CskyTX3qoirKntfBD2,192.168.1.4,47640,172.253.62.101,443,udp,0.0492708683,26,345,SF,True,True,0,Dd,1,54,1,373,735c7a18a4eeb321,f35c7a18a4eeb321,HTTPS
1722973838.108783,CV3Jeh4xbwch7yZR5l,192.168.1.4,51752,192.168.1.1,53,udp,0.0492708683,26,345,SF,True,True,0,Dd,1,54,1,373,735c7a18a4eeb321,f35c7a18a4eeb321,DNS
1722973862.561406,C0AdkBgX9PmqTBmTk,192.168.1.4,57111,192.168.1.1,53,udp,0.0492708683,26,345,SF,True,True,0,Dd,1,54,1,373,735c7a18a4eeb321,f35c7a18a4eeb321,DNS
1722973801.607269,CyU2jba1XohtqewE,192.168.1.4,52149,35.190.80.1,443,udp,0.0492708683,26,345,SF,True,True,0,IIiishhHH,1,54,1,373,36489709874ba0c9,f6489709874ba0c9,HTTPS
1722973832.695565,Cd2urL3eDgMOGeJWN3,192.168.1.4,58210,192.168.1.1,53,udp,0.09024596210000001,44,188,SF,True,True,0,Dd,1,72,1,216,36489709874ba0c9,f6489709874ba0c9,DNS
1722973863.088634,CWIDx13Qup2PzPMJKc,192.168.1.4,59760,192.168.1.1,53,udp,0.09024596210000001,44,188,SF,True,True,0,Dd,1,72,1,216,36489709874ba0c9,f6489709874ba0c9,DNS
1722973741.883755,ChToKP3lHLyYKF5iz,192.168.1.4,46460,146.75.29.229,443,tcp,60.2662611008,2077,477,SF,True,False,0,ShADadFfR,9,2529,8,901,36489709874ba0c9,f6489709874ba0c9,HTTPS
1722973803.018173,CXlpFACXkBimq8oMi,192.168.1.4,38746,192.168.1.1,53,udp,0.0108110905,38,116,SF,True,True,0,Dd,1,66,1,144,36489709874ba0c9,f6489709874ba0c9,DNS
1722973802.928305,CGMcpD3qm1Igw2Dknb,192.168.1.4,33648,192.168.1.1,53,udp,0.0105381012,39,96,SF,True,True,0,Dd,1,67,1,124,36489709874ba0c9,f6489709874ba0c9,DNS
1722973802.569423,CDzTsn1IJ3K7Nso51,192.168.1.4,52004,192.168.1.1,53,udp,0.0021710396000000002,45,132,SF,True,True,0,Dd,1,73,1,160,36489709874ba0c9,f6489709874ba0c9,DNS
1722973802.493159,CAYQed3IgHjLapoEc2,192.168.1.4,44194,192.168.1.1,53,udp,0.07002305980000001,37,296,SF,True,True,0,Dd,1,65,1,324,36489709874ba0c9,f6489709874ba0c9,DNS
1722973867.514801,CTJMwK3PqlK4or5PRj,192.168.1.4,57122,23.220.133.192,80,udp,0.0,37,296,SF,False,True,0,Dd,1,65,1,324,36489709874ba0c9,f6489709874ba0c9,HTTP
1722973838.09495,CAFxIU35M1VHFG3cfi,192.168.1.4,34779,192.168.1.1,53,udp,0.0,37,296,SF,False,True,0,Dd,1,65,1,324,36489709874ba0c9,f6489709874ba0c9,DNS
1722973869.863142,C3wVDg3jCVc48tdzf2,192.168.1.4,52732,192.168.1.1,53,udp,0.0,37,296,SF,False,True,0,Dd,1,65,1,324,36489709874ba0c9,f6489709874ba0c9,DNS
1722973837.207052,C49WOj1SgkBFJoBwSg,192.168.1.4,32793,192.168.1.1,53,udp,0.0,37,296,SF,False,True,0,Dd,1,65,1,324,36489709874ba0c9,f6489709874ba0c9,DNS
1722973802.878519,Cd2AsvceiNGAfaxj1,192.168.1.4,45386,142.251.111.97,443,udp,0.0711460114,4027,8796,SF,True,False,0,Dd,7,4223,10,9076,36489709874ba0c9,f6489709874ba0c9,HTTPS
1722973837.208906,C4u2qL3p4b5Bwcz7L7,192.168.1.4,45998,52.182.143.209,443,tcp,0.14186310770000002,3316,5197,SF,True,False,0,ShADdafF,11,3896,9,5673,36489709874ba0c9,f6489709874ba0c9,HTTPS
1722973839.879346,CCKcrtEVDhc6y2FFf,192.168.1.4,50066,192.168.1.1,53,udp,0.14186310770000002,3316,5197,SF,True,False,0,ShADdafF,11,3896,9,5673,36489709874ba0c9,f6489709874ba0c9,DNS
1722973803.277979,CVBz7G4XlTrrLwUMYa,192.168.1.4,48187,192.168.1.1,53,udp,0.14186310770000002,3316,5197,SF,True,False,0,ShADdafF,11,3896,9,5673,36489709874ba0c9,f6489709874ba0c9,DNS
1722973862.515482,CMFFsv4ZJV1uMwkKXb,192.168.1.4,50049,192.168.1.1,53,udp,0.14186310770000002,3316,5197,SF,True,False,0,ShADdafF,11,3896,9,5673,36489709874ba0c9,f6489709874ba0c9,DNS
1722973862.516991,CugSvw6pUjXkLskC4,192.168.1.4,47976,192.168.1.1,53,udp,0.14186310770000002,3316,5197,SF,True,False,0,ShADdafF,11,3896,9,5673,36489709874ba0c9,f6489709874ba0c9,DNS
1722973802.927922,CVyygy3CsV75OdswKj,192.168.1.4,48785,192.168.1.1,53,udp,0.14186310770000002,3316,5197,SF,True,False,0,ShADdafF,11,3896,9,5673,36489709874ba0c9,f6489709874ba0c9,DNS
1722973803.859262,CrwP2d2w0iK3NXVwvi,192.168.1.4,47654,192.168.1.1,53,udp,0.0270590782,38,448,SF,True,True,0,Dd,1,66,1,476,36489709874ba0c9,f6489709874ba0c9,DNS
1722973833.382537,Cvsf7R11DModhtl2Ul,192.168.1.4,48560,192.168.1.1,53,udp,0.0270590782,38,448,SF,True,True,0,Dd,1,66,1,476,36489709874ba0c9,f6489709874ba0c9,DNS
1722973832.725132,CuJBks3V8eqcf8CrZd,192.168.1.4,46071,192.168.1.1,53,udp,0.0177989006,38,287,SF,True,True,0,Dd,1,66,1,315,36489709874ba0c9,f6489709874ba0c9,DNS
1722973862.46865,CZInXw7yKt7VUk7E3,192.168.1.4,43940,192.168.1.1,53,udp,0.0177989006,38,287,SF,True,True,0,Dd,1,66,1,315,36489709874ba0c9,f6489709874ba0c9,DNS
1722973802.483268,CQCaGs44DCZpW1vUw,192.168.1.4,54243,192.168.1.1,53,udp,0.0177989006,38,287,SF,True,True,0,Dd,1,66,1,315,36489709874ba0c9,f6489709874ba0c9,DNS
1722973761.239228,CtbKs318HGc4jdTQE9,192.168.1.4,49350,13.107.253.40,443,tcp,90.366615057,1503,8557,SF,True,False,0,ShADadfFr,22,2655,21,9633,36489709874ba0c9,f6489709874ba0c9,HTTPS
1722973833.385177,CQ3NHh44uRPZOl0rzf,192.168.1.4,58614,23.205.106.80,443,tcp,0.0402481556,1793,5081,SF,True,False,0,ShADaFdRfR,8,2169,6,5401,36489709874ba0c9,f6489709874ba0c9,HTTPS
1722973853.908382,CBsFhPiEbrkcPbmvk,192.168.1.4,41682,142.250.81.234,443,tcp,0.0752651691,2110,1698,SF,True,False,0,ShADadFf,14,2846,15,2486,36489709874ba0c9,f6489709874ba0c9,HTTPS
1722973862.560794,CEkSlz44ZBs2Z0zih1,192.168.1.4,39834,104.18.18.62,443,tcp,0.0752651691,2110,1698,SF,True,False,0,ShADadFf,14,2846,15,2486,36489709874ba0c9,f6489709874ba0c9,HTTPS
1722973803.039791,CqQNT91L9xv8FPdWb,192.168.1.4,36084,31.13.71.7,443,tcp,0.0752651691,2110,1698,SF,True,False,0,ShADadFf,14,2846,15,2486,36489709874ba0c9,f6489709874ba0c9,HTTPS
1722973805.113501,CQfGwr4dKKYhsoGie8,192.168.1.4,54249,192.168.1.1,53,udp,0.0250818729,37,466,SF,True,True,0,Dd,1,65,1,494,36489709874ba0c9,f6489709874ba0c9,DNS
1722973834.745992,C16ioG3rBNJf4P4sce,192.168.1.4,42636,192.168.1.1,53,udp,0.0250818729,37,466,SF,True,True,0,Dd,1,65,1,494,36489709874ba0c9,f6489709874ba0c9,DNS
1722973862.758835,CRdRGUbJL9UHdrSE1,192.168.1.4,45339,192.168.1.1,53,udp,0.0250818729,37,466,SF,True,True,0,Dd,1,65,1,494,36489709874ba0c9,f6489709874ba0c9,DNS
1722973838.150745,C6Hhe543BBOSzOsdXf,192.168.1.4,35841,192.168.1.1,53,udp,0.0180630684,45,356,SF,True,True,0,Dd,1,73,1,384,36489709874ba0c9,f6489709874ba0c9,DNS
1722973772.038288,C4VjYR28fmPStjmen5,192.168.1.4,50002,192.168.1.1,53,udp,0.0166888237,37,94,SF,True,True,0,Dd,1,65,1,122,36489709874ba0c9,f6489709874ba0c9,DNS
1722973802.547101,COLzAV1ieFKONgTAhc,192.168.1.4,53372,52.206.65.158,443,udp,0.0166888237,37,94,SF,True,True,0,Dd,1,65,1,122,36489709874ba0c9,f6489709874ba0c9,HTTPS
1722973862.398334,C1fwg21vySS6CVRmC1,192.168.1.4,50922,192.168.1.1,53,udp,0.0011758804,41,102,SF,True,True,0,Dd,1,69,1,130,36489709874ba0c9,f6489709874ba0c9,DNS
1722973805.430564,CsBeMJLlG8IuUiCil,192.168.1.4,35460,192.168.1.1,53,udp,0.0024969578,30,511,SF,True,True,0,Dd,1,58,1,539,36489709874ba0c9,f6489709874ba0c9,DNS
1722973802.49918,C0HTv12kRE4Njui7yh,192.168.1.4,40495,192.168.1.1,53,udp,0.0024969578,30,511,SF,True,True,0,Dd,1,58,1,539,36489709874ba0c9,f6489709874ba0c9,DNS
1722973802.483191,CVVLLM2MfcXGOpbQd2,192.168.1.4,56948,192.168.1.1,53,udp,0.0024969578,30,511,SF,True,True,0,Dd,1,58,1,539,36489709874ba0c9,f6489709874ba0c9,DNS
1722973838.166998,CMlQbCCbnl0ZKR108,192.168.1.4,52150,34.198.12.234,443,udp,0.0024969578,30,511,SF,True,True,0,Dd,1,58,1,539,36489709874ba0c9,f6489709874ba0c9,HTTPS
1722973803.27895,CsSEZG16FA2ueHvsg,192.168.1.4,58668,15.197.167.90,443,udp,0.0024969578,30,511,SF,True,True,0,Dd,1,58,1,539,36489709874ba0c9,f6489709874ba0c9,HTTPS
1722973772.20541,C0xJji24aBitClLDXi,192.168.1.4,46494,192.168.1.1,53,udp,0.0547280312,47,280,SF,True,True,0,Dd,1,75,1,308,36489709874ba0c9,f6489709874ba0c9,DNS
1722973741.865346,CiVRvr30oXMvvk1Tcl,192.168.1.4,59868,198.49.23.145,443,tcp,55.212334156,2006,5249,RSTR,True,False,0,ShADadfr,11,2586,11,5817,36489709874ba0c9,f6489709874ba0c9,HTTPS
1722973772.053886,Cn7tMU1wSL8QDqbwIb,192.168.1.4,58273,192.168.1.1,53,udp,0.0160579681,35,92,SF,True,True,0,Dd,1,63,1,120,36489709874ba0c9,f6489709874ba0c9,DNS
1722973769.801908,CHqCkx3fNHo7FnJf19,192.168.1.4,38133,192.168.1.1,53,udp,0.0013580322,61,131,SF,True,True,0,Dd,1,89,1,159,36489709874ba0c9,f6489709874ba0c9,DNS
1722973863.108456,CgtK8K2WW4zMcvy967,192.168.1.4,53196,64.233.180.156,443,udp,0.0013580322,61,131,SF,True,True,0,Dd,1,89,1,159,36489709874ba0c9,f6489709874ba0c9,HTTPS
1722973803.039791,CqQNT91L9xv8FPdWb,192.168.1.4,36084,31.13.71.7,443,udp,0.10907888410000001,3959,10376,SF,True,False,0,Dd,10,4239,15,10796,36489709874ba0c9,f6489709874ba0c9,HTTPS
1722973808.007475,C539vA2Zo6QgseuEE7,192.168.1.4,49736,216.239.38.181,443,udp,0.10907888410000001,3959,10376,SF,True,False,0,Dd,10,4239,15,10796,36489709874ba0c9,f6489709874ba0c9,HTTPS
1722973802.530717,COLzAV1ieFKONgTAhc,192.168.1.4,53372,52.206.65.158,443,tcp,60.1645231247,2611,5740,RSTO,True,False,0,ShADadR,14,3347,12,6372,36489709874ba0c9,f6489709874ba0c9,HTTPS
1722973805.113501,CQfGwr4dKKYhsoGie8,192.168.1.4,54249,192.168.1.1,53,udp,60.1645231247,2611,5740,RSTO,True,False,0,ShADadR,14,3347,12,6372,36489709874ba0c9,f6489709874ba0c9,DNS
1722973838.150854,Cog92j2OKK432oQJG1,192.168.1.4,34856,192.168.1.1,53,udp,60.1645231247,2611,5740,RSTO,True,False,0,ShADadR,14,3347,12,6372,36489709874ba0c9,f6489709874ba0c9,DNS
1722973803.023215,CvMmn63d5x1MA3ILl7,192.168.1.4,50266,192.168.1.1,53,udp,60.1645231247,2611,5740,RSTO,True,False,0,ShADadR,14,3347,12,6372,36489709874ba0c9,f6489709874ba0c9,DNS
1722973803.261545,CHJyWj429dAz12eZz7,192.168.1.4,43027,192.168.1.1,53,udp,60.1645231247,2611,5740,RSTO,True,False,0,ShADadR,14,3347,12,6372,36489709874ba0c9,f6489709874ba0c9,DNS
1722973805.19445,CxP2lgQE25CjvacL5,192.168.1.4,53722,34.120.154.120,443,udp,0.8708970547,3867,36637,SF,True,False,0,Dd,22,4483,37,37673,36489709874ba0c9,f6489709874ba0c9,HTTPS
1722973862.319224,C2AH5t3qKVrtl9M8jl,192.168.1.4,56846,151.101.194.132,443,udp,0.8708970547,3867,36637,SF,True,False,0,Dd,22,4483,37,37673,36489709874ba0c9,f6489709874ba0c9,HTTPS
1722973838.113162,CDVlsS29IVlzuMN8Ug,192.168.1.4,36008,192.168.1.1,53,udp,0.006677866,42,102,SF,True,True,0,Dd,1,70,1,130,36489709874ba0c9,f6489709874ba0c9,DNS
1722973773.989319,CWZpcA2d8csMsqh6o7,192.168.1.4,57576,13.35.93.18,443,tcp,60.6457238197,1830,6190,SF,True,False,0,ShADadFf,12,2462,11,6770,36489709874ba0c9,f6489709874ba0c9,HTTPS
1722973772.706797,CO8RgO3cHdp1GsX2W2,192.168.1.4,44037,192.168.1.1,53,udp,0.0202682018,42,429,SF,True,True,0,Dd,1,70,1,457,36489709874ba0c9,f6489709874ba0c9,DNS
1722973823.368695,CYlu7a1T2GyA4qdBpe,192.168.1.4,52109,192.168.1.1,53,udp,0.0021390915000000003,63,63,SF,True,True,0,Dd,1,91,1,91,36489709874ba0c9,f6489709874ba0c9,DNS
1722973863.039602,CAlCWA2fk9dyO1ZJyd,192.168.1.4,50352,192.168.1.1,53,udp,0.0021390915000000003,63,63,SF,True,True,0,Dd,1,91,1,91,36489709874ba0c9,f6489709874ba0c9,DNS
1722973826.029083,CmKXmQ33Nhv7zb9PIf,192.168.1.4,53495,192.168.1.1,53,udp,0.0017349720000000002,63,264,SF,True,True,0,Dd,1,91,1,292,36489709874ba0c9,f6489709874ba0c9,DNS
1722973832.137513,ClqTNp1iQNKmIAxXy5,192.168.1.4,33738,192.168.1.1,53,udp,0.0796620846,31,397,SF,True,True,0,Dd,1,59,1,425,36489709874ba0c9,f6489709874ba0c9,DNS
1722973802.954345,C9cOvzdeelXKug36j,192.168.1.4,49208,31.13.71.7,443,udp,0.0796620846,31,397,SF,True,True,0,Dd,1,59,1,425,36489709874ba0c9,f6489709874ba0c9,HTTPS
1722973805.874252,C8lSyH1yrlIw1UCYy4,192.168.1.4,40668,192.168.1.1,53,udp,0.0796620846,31,397,SF,True,True,0,Dd,1,59,1,425,36489709874ba0c9,f6489709874ba0c9,DNS
1722973833.382367,CWj41E45zt7kQXvEN7,192.168.1.4,57739,192.168.1.1,53,udp,0.015547990800000001,43,383,SF,True,True,0,Dd,1,71,1,411,36489709874ba0c9,f6489709874ba0c9,DNS
1722973838.150854,Cog92j2OKK432oQJG1,192.168.1.4,34856,192.168.1.1,53,udp,0.0184779167,45,126,SF,True,True,0,Dd,1,73,1,154,36489709874ba0c9,f6489709874ba0c9,DNS
1722973802.927981,CwGFal3tzLKFS0hto9,192.168.1.4,44072,192.168.1.1,53,udp,0.0856721401,35,144,SF,True,True,0,Dd,1,63,1,172,36489709874ba0c9,f6489709874ba0c9,DNS
1722973834.009954,CumI2w4GZCGXTqmNk6,192.168.1.4,56500,23.220.124.131,443,udp,0.0856721401,35,144,SF,True,True,0,Dd,1,63,1,172,36489709874ba0c9,f6489709874ba0c9,HTTPS
1722973856.444546,C20FvKbARouLMVT3c,192.168.1.4,39456,192.168.1.1,53,udp,0.0856721401,35,144,SF,True,True,0,Dd,1,63,1,172,36489709874ba0c9,f6489709874ba0c9,DNS
1722973823.416675,Ckz36v40lScXilYAqf,192.168.1.4,35698,52.182.143.209,443,udp,0.0856721401,35,144,SF,True,True,0,Dd,1,63,1,172,36489709874ba0c9,f6489709874ba0c9,HTTPS
1722973805.430706,C1nrDd19gUedxpxjr4,192.168.1.4,46569,192.168.1.1,53,udp,0.0027060509,30,212,SF,True,True,0,Dd,1,58,1,240,36489709874ba0c9,f6489709874ba0c9,DNS
1722973832.137513,ClqTNp1iQNKmIAxXy5,192.168.1.4,33738,192.168.1.1,53,udp,0.0027060509,30,212,SF,True,True,0,Dd,1,58,1,240,36489709874ba0c9,f6489709874ba0c9,DNS
1722973856.444546,C20FvKbARouLMVT3c,192.168.1.4,39456,192.168.1.1,53,udp,0.0020589828000000003,36,207,SF,True,True,0,Dd,1,64,1,235,36489709874ba0c9,f6489709874ba0c9,DNS
1722973802.020423,CYxULI36LGexBcpzaa,192.168.1.4,32839,192.168.1.1,53,udp,0.0020589828000000003,36,207,SF,True,True,0,Dd,1,64,1,235,36489709874ba0c9,f6489709874ba0c9,DNS
1722973803.261435,CHHYQA3d0IO06gZ7Te,192.168.1.4,54318,192.168.1.1,53,udp,0.0306909084,31,474,SF,True,True,0,Dd,1,59,1,502,36489709874ba0c9,f6489709874ba0c9,DNS
1722973771.912863,Ccf5SU353O8BK4qe57,192.168.1.4,45142,192.168.1.1,53,udp,0.0017480850000000001,45,109,SF,True,True,0,Dd,1,73,1,137,36489709874ba0c9,f6489709874ba0c9,DNS
1722973682.070456,CFqoCi3rnydMTFom91,192.168.1.4,46676,23.51.90.243,443,tcp,120.3940629959,2750,83844,SF,True,False,0,ShADadfF,46,5150,71,87544,36489709874ba0c9,f6489709874ba0c9,HTTPS
1722973838.095015,CXXHMi4pcYETRopLb8,192.168.1.4,52144,192.168.1.1,53,udp,120.3940629959,2750,83844,SF,True,False,0,ShADadfF,46,5150,71,87544,36489709874ba0c9,f6489709874ba0c9,DNS
1722973772.324658,CiENlQ2fyCyUlBw9l9,192.168.1.4,56788,192.168.1.1,53,udp,0.06487917900000001,42,299,SF,True,True,0,Dd,1,70,1,327,36489709874ba0c9,f6489709874ba0c9,DNS
1722973800.862354,CaJNup121lgdA0RGHd,192.168.1.4,33743,192.168.1.1,53,udp,0.0029149055,44,125,SF,True,True,0,Dd,1,72,1,153,36489709874ba0c9,f6489709874ba0c9,DNS
1722973832.695507,CUJqZCcwOy2OjGokb,192.168.1.4,43127,192.168.1.1,53,udp,0.0029149055,44,125,SF,True,True,0,Dd,1,72,1,153,36489709874ba0c9,f6489709874ba0c9,DNS
1722973833.990118,CdTi4y4bMkOl3nZuN2,192.168.1.4,41577,192.168.1.1,53,udp,0.0021378994,46,410,SF,True,True,0,Dd,1,74,1,438,36489709874ba0c9,f6489709874ba0c9,DNS
1722973834.745992,C16ioG3rBNJf4P4sce,192.168.1.4,42636,192.168.1.1,53,udp,0.0893609524,42,148,SF,True,True,0,Dd,1,70,1,176,36489709874ba0c9,f6489709874ba0c9,DNS
1722973805.430706,C1nrDd19gUedxpxjr4,192.168.1.4,46569,192.168.1.1,53,udp,0.0893609524,42,148,SF,True,True,0,Dd,1,70,1,176,36489709874ba0c9,f6489709874ba0c9,DNS
1722973863.332386,CemhEE1MUGvsLERfU8,192.168.1.4,54681,192.168.1.1,53,udp,0.0893609524,42,148,SF,True,True,0,Dd,1,70,1,176,36489709874ba0c9,f6489709874ba0c9,DNS
1722973862.516402,CpUwC02OLx01UvLsf7,192.168.1.4,49400,192.168.1.1,53,udp,0.0893609524,42,148,SF,True,True,0,Dd,1,70,1,176,36489709874ba0c9,f6489709874ba0c9,DNS
1722973862.638942,C6HgsX2Yqgr093bt6a,192.168.1.4,58546,142.250.31.93,443,udp,0.0893609524,42,148,SF,True,True,0,Dd,1,70,1,176,36489709874ba0c9,f6489709874ba0c9,HTTPS
1722973802.928218,Cj39qBOopEaG3XlVe,192.168.1.4,42765,192.168.1.1,53,udp,0.0069701672,39,310,SF,True,True,0,Dd,1,67,1,338,36489709874ba0c9,f6489709874ba0c9,DNS
1722973805.105872,CMDqofBNLr4sFkOol,192.168.1.4,43243,192.168.1.1,53,udp,0.0069701672,39,310,SF,True,True,0,Dd,1,67,1,338,36489709874ba0c9,f6489709874ba0c9,DNS
1722973862.249618,C3O5V64tHPVIwge9Mg,192.168.1.4,60526,192.168.1.1,53,udp,0.049686908700000004,26,91,SF,True,True,0,Dd,1,54,1,119,36489709874ba0c9,f6489709874ba0c9,DNS
1722973854.046033,CYeDPz1ykXEDPU5Kwb,192.168.1.4,41692,142.250.81.234,443,tcp,0.0739481449,2068,1442,SF,True,False,0,ShADadFf,15,2856,15,2230,36489709874ba0c9,f6489709874ba0c9,HTTPS
1722973832.7225,C56AyL2pAWA0ZwQpk3,192.168.1.4,35942,192.168.1.1,53,udp,0.0018877983,48,338,SF,True,True,0,Dd,1,76,1,366,36489709874ba0c9,f6489709874ba0c9,DNS
1722973838.172523,Cc8hEZ1p1yfQZEZuje,192.168.1.4,38092,192.168.1.1,53,udp,0.0018877983,48,338,SF,True,True,0,Dd,1,76,1,366,36489709874ba0c9,f6489709874ba0c9,DNS
1722973862.515721,CgiJfTsqt6lxHzM6l,192.168.1.4,41354,192.168.1.1,53,udp,0.0018877983,48,338,SF,True,True,0,Dd,1,76,1,366,36489709874ba0c9,f6489709874ba0c9,DNS
1722973856.479474,CH2Upt71PYnkV8DS8,192.168.1.4,42374,204.79.197.239,443,udp,0.0,48,338,SF,False,True,0,Dd,1,76,1,366,36489709874ba0c9,f6489709874ba0c9,HTTPS
1722973653.75636,CImnrf1mT2NikW3lRi,192.168.1.4,48770,20.119.70.211,443,tcp,180.0821578503,2747,5230,SF,True,False,0,ShADadFf,21,3847,19,6226,36489709874ba0c9,f6489709874ba0c9,HTTPS
1722973802.227673,CZqIOT1Z0FajiudjS2,192.168.1.4,58666,15.197.167.90,443,tcp,60.072108984,1936,2618,RSTO,True,False,0,ShADadtfR,12,2580,10,4451,36489709874ba0c9,f6489709874ba0c9,HTTPS
1722973832.742083,C0EP6w3KrzTpQebePb,192.168.1.4,56012,23.51.90.243,443,tcp,60.072108984,1936,2618,RSTO,True,False,0,ShADadtfR,12,2580,10,4451,36489709874ba0c9,f6489709874ba0c9,HTTPS
1722973801.607269,CyU2jba1XohtqewE,192.168.1.4,52149,35.190.80.1,443,tcp,60.072108984,1936,2618,RSTO,True,False,0,ShADadtfR,12,2580,10,4451,36489709874ba0c9,f6489709874ba0c9,HTTPS
1722973863.068788,CNDcc72qAo4ALWhvVc,192.168.1.4,45638,142.251.111.95,443,tcp,60.072108984,1936,2618,RSTO,True,False,0,ShADadtfR,12,2580,10,4451,36489709874ba0c9,f6489709874ba0c9,HTTPS
1722973773.988962,CqsCbO20ba3To36Wzh,192.168.1.4,44837,64.233.180.95,443,tcp,60.072108984,1936,2618,RSTO,True,False,0,ShADadtfR,12,2580,10,4451,36489709874ba0c9,f6489709874ba0c9,HTTPS
1722973802.534207,CoVtJjqrHuRIYiwge,192.168.1.4,38630,44.217.247.226,443,tcp,60.072108984,1936,2618,RSTO,True,False,0,ShADadtfR,12,2580,10,4451,36489709874ba0c9,f6489709874ba0c9,HTTPS
1722973834.745867,CVjCTrvABb4Nwtw1b,192.168.1.4,59873,192.168.1.1,53,udp,0.0893220901,42,465,SF,True,True,0,Dd,1,70,1,493,36489709874ba0c9,f6489709874ba0c9,DNS
1722973802.927922,CVyygy3CsV75OdswKj,192.168.1.4,48785,192.168.1.1,53,udp,0.0877349377,35,293,SF,True,True,0,Dd,1,63,1,321,36489709874ba0c9,f6489709874ba0c9,DNS
1722973772.684965,CeqR9hNOWuxK0opIg,192.168.1.4,49995,104.18.28.203,443,udp,0.0877349377,35,293,SF,True,True,0,IIiiiiIhhHH,1,63,1,321,295a8ae6e5017464,0148f050a0fe22d9fe497450bafe121c7e5c0714,HTTPS
1722973682.496904,C3l48R3bHO0oh5JVz2,192.168.1.4,39182,13.107.21.239,443,tcp,127.7464690208,2470,6613,RSTR,True,False,0,ShADadtr,17,3206,17,7572,295a8ae6e5017464,0148f050a0fe22d9fe497450bafe121c7e5c0714,HTTPS
1722973854.066239,CYeDPz1ykXEDPU5Kwb,192.168.1.4,41692,142.250.81.234,443,tcp,127.7464690208,2470,6613,RSTR,True,False,0,ShADadtr,17,3206,17,7572,295a8ae6e5017464,0148f050a0fe22d9fe497450bafe121c7e5c0714,HTTPS
1722973832.786405,CdMorx1s4nGwhyqYbb,192.168.1.4,59323,192.168.1.1,53,udp,0.0013079643,41,102,SF,True,True,0,Dd,1,69,1,130,295a8ae6e5017464,0148f050a0fe22d9fe497450bafe121c7e5c0714,DNS
1722973862.476684,CapfMSF8fRZ1wnrtl,192.168.1.4,54664,192.168.1.1,53,udp,0.0013079643,41,102,SF,True,True,0,Dd,1,69,1,130,295a8ae6e5017464,0148f050a0fe22d9fe497450bafe121c7e5c0714,DNS
1722973805.433794,CgmZeE3PR6yvOQkpRl,192.168.1.4,36901,192.168.1.1,53,udp,0.0014610291,44,108,SF,True,True,0,Dd,1,72,1,136,295a8ae6e5017464,0148f050a0fe22d9fe497450bafe121c7e5c0714,DNS
1722973770.331569,CWqrUs2BvlUoP6Y0m6,192.168.1.4,54307,192.168.1.1,53,udp,0.015771150600000002,61,131,SF,True,True,0,Dd,1,89,1,159,295a8ae6e5017464,0148f050a0fe22d9fe497450bafe121c7e5c0714,DNS
1722973832.695638,C7NEaG4phyC23eWKL4,192.168.1.4,37770,192.168.1.1,53,udp,0.0190620422,37,461,SF,True,True,0,Dd,1,65,1,489,295a8ae6e5017464,0148f050a0fe22d9fe497450bafe121c7e5c0714,DNS
1722973853.927535,CBsFhPiEbrkcPbmvk,192.168.1.4,41682,142.250.81.234,443,udp,0.0190620422,37,461,SF,True,True,0,Dd,1,65,1,489,295a8ae6e5017464,0148f050a0fe22d9fe497450bafe121c7e5c0714,HTTPS
1722973862.773224,CQv0jc4l28l45HAw,192.168.1.4,45496,142.251.179.94,443,udp,0.0190620422,37,461,SF,True,True,0,Dd,1,65,1,489,295a8ae6e5017464,0148f050a0fe22d9fe497450bafe121c7e5c0714,HTTPS
1722973833.398623,CQ3NHh44uRPZOl0rzf,192.168.1.4,58614,23.205.106.80,443,udp,0.0190620422,37,461,SF,True,True,0,Dd,1,65,1,489,295a8ae6e5017464,0148f050a0fe22d9fe497450bafe121c7e5c0714,HTTPS
1722973803.013829,CmFYzG4z7rqvn8X3V2,192.168.1.4,59697,192.168.1.1,53,udp,0.0050001144,39,123,SF,True,True,0,Dd,1,67,1,151,295a8ae6e5017464,0148f050a0fe22d9fe497450bafe121c7e5c0714,DNS
1722973803.041619,CY3FlEvZTW1fV7Zw1,192.168.1.4,51822,142.251.179.147,443,udp,0.11028790470000001,5223,9858,SF,True,False,0,Dd,10,5503,13,10222,295a8ae6e5017464,0148f050a0fe22d9fe497450bafe121c7e5c0714,HTTPS
1722973862.616986,CIyHof1noGZ79UtWIb,192.168.1.4,45107,192.168.1.1,53,udp,0.11028790470000001,5223,9858,SF,True,False,0,Dd,10,5503,13,10222,295a8ae6e5017464,0148f050a0fe22d9fe497450bafe121c7e5c0714,DNS
1722973802.483268,CQCaGs44DCZpW1vUw,192.168.1.4,54243,192.168.1.1,53,udp,0.015729904200000002,33,174,SF,True,True,0,Dd,1,61,1,202,295a8ae6e5017464,0148f050a0fe22d9fe497450bafe121c7e5c0714,DNS
1722973832.695507,CUJqZCcwOy2OjGokb,192.168.1.4,43127,192.168.1.1,53,udp,0.09010291100000001,44,474,SF,True,True,0,Dd,1,72,1,502,295a8ae6e5017464,0148f050a0fe22d9fe497450bafe121c7e5c0714,DNS
1722973803.885503,CyCSH22wO3ljaExpZi,192.168.1.4,39071,192.168.1.1,53,udp,0.09010291100000001,44,474,SF,True,True,0,Dd,1,72,1,502,295a8ae6e5017464,0148f050a0fe22d9fe497450bafe121c7e5c0714,DNS
1722973839.880337,CIuZkt3xh3oC2BL2w6,192.168.1.4,46002,52.182.143.209,443,tcp,0.1652729511,7122,5197,SF,True,False,0,ShADdafF,12,7754,10,5725,295a8ae6e5017464,0148f050a0fe22d9fe497450bafe121c7e5c0714,HTTPS
1722973802.969477,CCyfg83vkyvnh6HMik,192.168.1.4,51113,142.251.179.155,443,tcp,0.1652729511,7122,5197,SF,True,False,0,IIiiiIhhhHHhH,12,7754,10,5725,39e5c962edbf099a,f9e5c962edbf099a,HTTPS
1722973742.437441,CmUgR8BuYstpsKGK8,192.168.1.4,55405,142.251.163.95,443,tcp,0.1652729511,7122,5197,SF,True,False,0,IIiiiIhhhHHhH,12,7754,10,5725,39e5c962edbf099a,f9e5c962edbf099a,HTTPS
1722973832.231976,CgkDgf2RUIosrxuH2c,192.168.1.4,43246,23.220.133.192,443,tcp,0.1652729511,7122,5197,SF,True,False,0,IIiiiIhhhHHhH,12,7754,10,5725,39e5c962edbf099a,f9e5c962edbf099a,HTTPS
1722973802.483512,ClxJO32zGME5vtrCxd,192.168.1.4,52058,192.168.1.1,53,udp,0.0024609566,35,92,SF,True,True,0,Dd,1,63,1,120,39e5c962edbf099a,f9e5c962edbf099a,DNS
1722973863.231723,CPzRHX2hDubDVS0KE1,192.168.1.4,53255,192.168.1.1,53,udp,0.0024609566,35,92,SF,True,True,0,Dd,1,63,1,120,39e5c962edbf099a,f9e5c962edbf099a,DNS
1722973802.919619,CdYhcv47kOpn3LYFj9,192.168.1.4,32936,192.168.1.1,53,udp,0.0926840305,36,117,SF,True,True,0,Dd,1,64,1,145,39e5c962edbf099a,f9e5c962edbf099a,DNS
1722973742.437441,CmUgR8BuYstpsKGK8,192.168.1.4,55405,142.251.163.95,443,udp,0.1833999157,5007,15811,SF,True,False,0,Dd,23,5651,31,16679,39e5c962edbf099a,f9e5c962edbf099a,HTTPS
1722973869.862983,Cjz4uw1Xskh0RXSCO6,192.168.1.4,58233,192.168.1.1,53,udp,0.1833999157,5007,15811,SF,True,False,0,Dd,23,5651,31,16679,39e5c962edbf099a,f9e5c962edbf099a,DNS
1722973865.481906,C9PgKw3f80KXE9IrS8,192.168.1.4,52896,192.168.1.1,53,udp,0.1833999157,5007,15811,SF,True,False,0,Dd,23,5651,31,16679,39e5c962edbf099a,f9e5c962edbf099a,DNS
1722973772.032399,ChAcmxZYDZIqsno8c,192.168.1.4,54616,192.168.1.1,53,udp,0.0366771221,44,264,SF,True,True,0,Dd,1,72,1,292,39e5c962edbf099a,f9e5c962edbf099a,DNS
1722973802.530765,CkBXY43jiednFFJh22,192.168.1.4,53384,52.206.65.158,443,tcp,60.1645028591,2547,5740,RSTO,True,False,0,ShADadR,14,3283,12,6372,39e5c962edbf099a,f9e5c962edbf099a,HTTPS
1722973838.113162,CDVlsS29IVlzuMN8Ug,192.168.1.4,36008,192.168.1.1,53,udp,60.1645028591,2547,5740,RSTO,True,False,0,ShADadR,14,3283,12,6372,39e5c962edbf099a,f9e5c962edbf099a,DNS
1722973808.202235,C2oTFu1te9pqKnAX3c,192.168.1.4,41700,192.168.1.1,53,udp,60.1645028591,2547,5740,RSTO,True,False,0,ShADadR,14,3283,12,6372,39e5c962edbf099a,f9e5c962edbf099a,DNS
1722973832.427962,CxtNWw4vrmKa04xT4c,192.168.1.4,53212,192.168.1.1,53,udp,60.1645028591,2547,5740,RSTO,True,False,0,ShADadR,14,3283,12,6372,39e5c962edbf099a,f9e5c962edbf099a,DNS
1722973592.126137,Cd1li43fnp6bzyCEH6,192.168.1.4,34948,142.251.167.95,443,tcp,240.2062790394,3690,11302,SF,True,False,0,ShADadFf,36,5570,45,13650,39e5c962edbf099a,f9e5c962edbf099a,HTTPS
1722973838.227927,Cwi8um4T0BJTF6EpUi,192.168.1.4,47182,192.168.1.1,53,udp,240.2062790394,3690,11302,SF,True,False,0,ShADadFf,36,5570,45,13650,39e5c962edbf099a,f9e5c962edbf099a,DNS
1722973862.757759,CQv0jc4l28l45HAw,192.168.1.4,45496,142.251.179.94,443,tcp,0.0453310013,1759,5387,SF,True,False,0,ShADaFdRfR,8,2135,7,5759,39e5c962edbf099a,f9e5c962edbf099a,HTTPS
1722973772.8217,CAOldP2bWklcLZ88Ri,192.168.1.4,40979,142.251.111.97,443,udp,0.0720689297,4021,8806,SF,True,False,0,Dd,7,4217,10,9086,39e5c962edbf099a,f9e5c962edbf099a,HTTPS
1722973863.08809,CGS03q1cQoxqT222Se,192.168.1.4,45817,192.168.1.1,53,udp,0.0720689297,4021,8806,SF,True,False,0,Dd,7,4217,10,9086,39e5c962edbf099a,f9e5c962edbf099a,DNS
1722973838.191457,CXTN8H3Mpf7jVSibe1,192.168.1.4,53366,192.168.1.1,53,udp,0.0720689297,4021,8806,SF,True,False,0,Dd,7,4217,10,9086,39e5c962edbf099a,f9e5c962edbf099a,DNS
1722973832.736447,CPrmQD2epCJP5v85r,192.168.1.4,37194,142.251.111.97,443,udp,0.0720689297,4021,8806,SF,True,False,0,Dd,7,4217,10,9086,39e5c962edbf099a,f9e5c962edbf099a,HTTPS
1722973838.125826,CPFYrC3ffAJV2u5M7a,192.168.1.4,38563,192.168.1.1,53,udp,0.0720689297,4021,8806,SF,True,False,0,Dd,7,4217,10,9086,39e5c962edbf099a,f9e5c962edbf099a,DNS
1722973802.227409,CG62IWWbGg5TSOPR1,192.168.1.4,35095,192.168.1.1,53,udp,0.126155138,32,491,SF,True,True,0,Dd,1,60,1,519,39e5c962edbf099a,f9e5c962edbf099a,DNS
1722973862.249536,C9VzMv3lW8R5mxAKgc,192.168.1.4,46874,192.168.1.1,53,udp,0.126155138,32,491,SF,True,True,0,Dd,1,60,1,519,39e5c962edbf099a,f9e5c962edbf099a,DNS
1722973862.588759,CShN5wqEVN0McZBti,192.168.1.4,43030,23.218.218.175,443,udp,0.126155138,32,491,SF,True,True,0,Dd,1,60,1,519,39e5c962edbf099a,f9e5c962edbf099a,HTTPS
1722973772.069882,Cp5TOs5CXSHuSnSmh,192.168.1.4,48874,104.18.28.203,443,udp,0.126155138,32,491,SF,True,True,0,Dd,1,60,1,519,39e5c962edbf099a,f9e5c962edbf099a,HTTPS
1722973838.120233,C2GfB51k3PIGfle9g7,192.168.1.4,56648,204.79.197.237,443,udp,0.126155138,32,491,SF,True,True,0,Dd,1,60,1,519,39e5c962edbf099a,f9e5c962edbf099a,HTTPS
1722973801.51979,Cf8F6L3DuB2PSgmIRi,192.168.1.4,50495,192.168.1.1,53,udp,0.0028641224,38,89,SF,True,True,0,Dd,1,66,1,117,39e5c962edbf099a,f9e5c962edbf099a,DNS
1722973803.099517,CJUfCtogPBU32Nuud,192.168.1.4,57034,192.168.1.1,53,udp,0.0028641224,38,89,SF,True,True,0,Dd,1,66,1,117,39e5c962edbf099a,f9e5c962edbf099a,DNS
1722973834.83591,CZTBe12B3VOMrkexkg,192.168.1.4,59228,192.168.1.1,53,udp,0.0014560223,45,113,SF,True,True,0,Dd,1,73,1,141,39e5c962edbf099a,f9e5c962edbf099a,DNS
1722973862.626769,CSIn67Yc2vcJEESgh,192.168.1.4,48299,192.168.1.1,53,udp,0.0014560223,45,113,SF,True,True,0,Dd,1,73,1,141,39e5c962edbf099a,f9e5c962edbf099a,DNS
1722973772.050179,CKWDB84tUFLqVV3V1d,192.168.1.4,36463,192.168.1.1,53,udp,0.0014469624000000001,38,95,SF,True,True,0,Dd,1,66,1,123,39e5c962edbf099a,f9e5c962edbf099a,DNS
1722973681.790084,CtaZRZ2CtduKR2cFG4,192.168.1.4,60360,104.90.74.139,443,tcp,121.4113190174,25442,15668179,SF,True,False,4680119,ShADadggtttTgfF,1427,119091,3353,15848223,39e5c962edbf099a,f9e5c962edbf099a,HTTPS
1722973832.725132,CuJBks3V8eqcf8CrZd,192.168.1.4,46071,192.168.1.1,53,udp,121.4113190174,25442,15668179,SF,True,False,4680119,ShADadggtttTgfF,1427,119091,3353,15848223,39e5c962edbf099a,f9e5c962edbf099a,DNS
1722973862.933516,CFawsR2ALR2NqXShu7,192.168.1.4,50020,142.251.111.97,443,udp,121.4113190174,25442,15668179,SF,True,False,4680119,ShADadggtttTgfF,1427,119091,3353,15848223,39e5c962edbf099a,f9e5c962edbf099a,HTTPS
1722973863.357703,CW4LKR35PCAo4F0pM9,192.168.1.4,47652,172.253.62.101,443,udp,121.4113190174,25442,15668179,SF,True,False,4680119,ShADadggtttTgfF,1427,119091,3353,15848223,39e5c962edbf099a,f9e5c962edbf099a,HTTPS
1722973832.717062,C7QpmXo73PkpT5pS4,192.168.1.4,57528,192.168.1.1,53,udp,0.016397953,42,99,SF,True,True,0,Dd,1,70,1,127,39e5c962edbf099a,f9e5c962edbf099a,DNS
1722973772.684965,CeqR9hNOWuxK0opIg,192.168.1.4,49995,104.18.28.203,443,udp,0.016397953,42,99,SF,True,True,0,Dd,1,70,1,127,39e5c962edbf099a,f9e5c962edbf099a,HTTPS
1722973802.493225,CzoTNTQg42puiHuji,192.168.1.4,48595,192.168.1.1,53,udp,0.0760269165,37,150,SF,True,True,0,Dd,1,65,1,178,39e5c962edbf099a,f9e5c962edbf099a,DNS
1722973832.7225,C56AyL2pAWA0ZwQpk3,192.168.1.4,35942,192.168.1.1,53,udp,0.0760269165,37,150,SF,True,True,0,Dd,1,65,1,178,39e5c962edbf099a,f9e5c962edbf099a,DNS
1722973832.739328,CyKfaK2ikbGwe3PGN,192.168.1.4,38638,192.168.1.1,53,udp,0.060909032800000006,32,196,SF,True,True,0,Dd,1,60,1,224,39e5c962edbf099a,f9e5c962edbf099a,DNS
1722973832.702409,C4DPyhGvQ4PtD3JKi,192.168.1.4,46516,192.168.1.1,53,udp,0.005573988,43,107,SF,True,True,0,Dd,1,71,1,135,39e5c962edbf099a,f9e5c962edbf099a,DNS
1722973803.12372,CWJL32Vs6HtpqSrM,192.168.1.4,41448,31.13.71.36,443,udp,0.005573988,43,107,SF,True,True,0,Dd,1,71,1,135,39e5c962edbf099a,f9e5c962edbf099a,HTTPS
1722973773.519679,CTJYXt2uXzncvveSVh,192.168.1.4,54810,192.168.1.1,53,udp,0.0060949326,33,487,SF,True,True,0,Dd,1,61,1,515,39e5c962edbf099a,f9e5c962edbf099a,DNS
1722973862.622529,CDQv9i4u8nBnHtGTZ5,192.168.1.4,57392,3.166.192.90,443,udp,0.0060949326,33,487,SF,True,True,0,Dd,1,61,1,515,39e5c962edbf099a,f9e5c962edbf099a,HTTPS
1722973771.929473,CnMkzf1pHIp5tOJwX8,192.168.1.4,59403,35.186.236.0,443,udp,0.0060949326,33,487,SF,True,True,0,IIiishhhHH,1,61,1,515,dc7a9092616b8a50,fc7a9092616b8a50,HTTPS
1722973742.437441,CmUgR8BuYstpsKGK8,192.168.1.4,55405,142.251.163.95,443,udp,0.0060949326,33,487,SF,True,True,0,IIZZiishH,1,61,1,515,a574607e163d2d3d,e574607e163d2d3d,HTTPS
1722973863.014756,CAhMT5brSrS7TxbA3,192.168.1.4,38954,142.250.31.190,443,udp,0.0060949326,33,487,SF,True,True,0,IIZZiishH,1,61,1,515,a574607e163d2d3d,e574607e163d2d3d,HTTPS
1722973808.221651,C5PohE3sGsq6h2hRUi,192.168.1.4,39534,54.167.196.150,443,udp,0.0060949326,33,487,SF,True,True,0,IIZZiishH,1,61,1,515,a574607e163d2d3d,e574607e163d2d3d,HTTPS
1722973124.724399,Cl2VCX3F7fCDtxI1K8,192.168.1.4,56708,52.182.143.215,443,tcp,719.1827158928,262447,12030,SF,True,False,0,ShADdaTFf,272,277102,241,24642,a574607e163d2d3d,e574607e163d2d3d,HTTPS
1722973802.501534,CPjqut1gJmO8w163N2,192.168.1.4,58140,142.251.179.94,443,tcp,719.1827158928,262447,12030,SF,True,False,0,ShADdaTFf,272,277102,241,24642,a574607e163d2d3d,e574607e163d2d3d,HTTPS
1722973802.928218,Cj39qBOopEaG3XlVe,192.168.1.4,42765,192.168.1.1,53,udp,719.1827158928,262447,12030,SF,True,False,0,ShADdaTFf,272,277102,241,24642,a574607e163d2d3d,e574607e163d2d3d,DNS
1722973835.34871,CpLBfdGRLy9H4xyKi,192.168.1.4,50468,104.18.86.42,443,udp,719.1827158928,262447,12030,SF,True,False,0,ShADdaTFf,272,277102,241,24642,a574607e163d2d3d,e574607e163d2d3d,HTTPS
1722973833.28085,CA0qXJ1waR07RrTC1c,192.168.1.4,53788,192.168.1.1,53,udp,0.0165431499,63,264,SF,True,True,0,Dd,1,91,1,292,a574607e163d2d3d,e574607e163d2d3d,DNS
1722973862.565132,CubxIH19owVBSkMvad,192.168.1.4,57212,34.198.122.35,443,udp,0.0165431499,63,264,SF,True,True,0,Dd,1,91,1,292,a574607e163d2d3d,e574607e163d2d3d,HTTPS
1722973805.134701,CxYHs24zk9ItNL5VCb,192.168.1.4,54136,208.89.12.91,443,udp,0.0165431499,63,264,SF,True,True,0,Dd,1,91,1,292,a574607e163d2d3d,e574607e163d2d3d,HTTPS
1722973805.140233,C4tTsTngSy5rWrdQk,192.168.1.4,36970,34.120.154.120,443,tcp,0.046742916100000004,1857,5846,SF,True,False,0,ShADadFRfR,11,2413,9,6322,a574607e163d2d3d,e574607e163d2d3d,HTTPS
1722973769.798981,CLM1sR3Mpga0OGE1e7,192.168.1.4,52747,192.168.1.1,53,udp,0.002325058,50,305,SF,True,True,0,Dd,1,78,1,333,a574607e163d2d3d,e574607e163d2d3d,DNS
1722973803.117121,CLzFUuU0zpY3COtK3,192.168.1.4,41454,31.13.71.36,443,tcp,0.0403001308,1758,2488,SF,True,False,0,ShADFadRfR,7,2094,6,2808,a574607e163d2d3d,e574607e163d2d3d,HTTPS
1722973869.875446,CPPro43P7UnVdvXtR3,192.168.1.4,36776,192.168.1.1,53,udp,0.0403001308,1758,2488,SF,True,False,0,ShADFadRfR,7,2094,6,2808,a574607e163d2d3d,e574607e163d2d3d,DNS
1722973862.249618,C3O5V64tHPVIwge9Mg,192.168.1.4,60526,192.168.1.1,53,udp,0.0403001308,1758,2488,SF,True,False,0,ShADFadRfR,7,2094,6,2808,a574607e163d2d3d,e574607e163d2d3d,DNS
1722973832.137608,CDuFc22gbSX6cEG0P7,192.168.1.4,59400,192.168.1.1,53,udp,0.07976102830000001,31,98,SF,True,True,0,Dd,1,59,1,126,a574607e163d2d3d,e574607e163d2d3d,DNS
1722973862.352854,C5iJMatkuXGrhVs36,192.168.1.4,47088,192.168.1.1,53,udp,0.045093059500000005,30,219,SF,True,True,0,Dd,1,58,1,247,a574607e163d2d3d,e574607e163d2d3d,DNS
1722973865.482031,CSrgA22iSeTYs1Bwdf,192.168.1.4,36566,192.168.1.1,53,udp,0.045093059500000005,30,219,SF,True,True,0,Dd,1,58,1,247,a574607e163d2d3d,e574607e163d2d3d,DNS
1722973803.907138,CKyrg821BUtWuEmpdk,192.168.1.4,55596,208.89.12.153,443,udp,0.045093059500000005,30,219,SF,True,True,0,Dd,1,58,1,247,a574607e163d2d3d,e574607e163d2d3d,HTTPS
1722973803.146619,CcpBam4FygZqHWdFui,192.168.1.4,41725,192.168.1.1,53,udp,0.0191328526,35,268,SF,True,True,0,Dd,1,63,1,296,a574607e163d2d3d,e574607e163d2d3d,DNS
1722973802.358283,CoVtJjqrHuRIYiwge,192.168.1.4,38630,44.217.247.226,443,tcp,30.5443658829,8235,892173,SF,True,False,42980,ShADadgtFfR,253,21375,339,909809,a574607e163d2d3d,e574607e163d2d3d,HTTPS
1722973832.334208,CJpK3oOMQMTqd50J9,192.168.1.4,44953,192.168.1.1,53,udp,30.5443658829,8235,892173,SF,True,False,42980,ShADadgtFfR,253,21375,339,909809,a574607e163d2d3d,e574607e163d2d3d,DNS
1722973802.020497,CA7hCP2hGV8DwYiwCd,192.168.1.4,57895,192.168.1.1,53,udp,0.1121819019,28,90,SF,True,True,0,Dd,1,56,1,118,a574607e163d2d3d,e574607e163d2d3d,DNS
1722973805.23601,CXeYd02BRoXae31zoi,192.168.1.4,36972,34.120.154.120,443,udp,0.1121819019,28,90,SF,True,True,0,Dd,1,56,1,118,a574607e163d2d3d,e574607e163d2d3d,HTTPS
1722973805.874342,CXVbM13LKtYTT1xCu2,192.168.1.4,52101,192.168.1.1,53,udp,0.0023970604,37,145,SF,True,True,0,Dd,1,65,1,173,a574607e163d2d3d,e574607e163d2d3d,DNS
1722973862.565673,CsTd0u1puFnTnrLH5l,192.168.1.4,57216,34.198.122.35,443,udp,0.0023970604,37,145,SF,True,True,0,Dd,1,65,1,173,a574607e163d2d3d,e574607e163d2d3d,HTTPS
1722973856.444711,Cblmbe3n2vXYmwZji2,192.168.1.4,51056,192.168.1.1,53,udp,0.0023970604,37,145,SF,True,True,0,Dd,1,65,1,173,a574607e163d2d3d,e574607e163d2d3d,DNS
1722973832.757471,CG0fsi14uAMedcA39i,192.168.1.4,48852,104.18.86.42,443,udp,0.0023970604,37,145,SF,True,True,0,Dd,1,65,1,173,a574607e163d2d3d,e574607e163d2d3d,HTTPS
1722973682.859845,Cs09Ch233euOF19wO,192.168.1.4,35514,69.147.92.12,443,tcp,115.0740430355,2378,6462,SF,True,False,0,ShADadfF,15,3166,16,7302,a574607e163d2d3d,e574607e163d2d3d,HTTPS
1722973713.665418,CoQK1ew75dBiwjXB9,192.168.1.4,41174,23.212.251.199,443,tcp,115.0740430355,2378,6462,SF,True,False,0,IIiIiishHHhH,15,3166,16,7302,8e537618e75bc0ff,1122ba6685018428,HTTPS
1722973805.87685,CdqTzq1vrs1rBlPzcb,192.168.1.4,44799,192.168.1.1,53,udp,115.0740430355,2378,6462,SF,True,False,0,IIiIiishHHhH,15,3166,16,7302,8e537618e75bc0ff,1122ba6685018428,DNS
1722973862.781768,CKN2E41tokBenUPyTc,192.168.1.4,41276,172.253.62.119,443,udp,115.0740430355,2378,6462,SF,True,False,0,IIiIiishHHhH,15,3166,16,7302,8e537618e75bc0ff,1122ba6685018428,HTTPS
1722973838.20751,CSfgmlU4MnbSdrRF4,192.168.1.4,45070,172.253.122.148,443,udp,115.0740430355,2378,6462,SF,True,False,0,IIiIiishHHhH,15,3166,16,7302,8e537618e75bc0ff,1122ba6685018428,HTTPS
1722973808.184317,CHw8862OyDTmrViro3,192.168.1.4,53561,192.168.1.1,53,udp,0.0173888206,37,339,SF,True,True,0,Dd,1,65,1,367,8e537618e75bc0ff,1122ba6685018428,DNS
1722973862.755298,CwWeHh19gjogYruhE6,192.168.1.4,53779,192.168.1.1,53,udp,0.0173888206,37,339,SF,True,True,0,Dd,1,65,1,367,8e537618e75bc0ff,1122ba6685018428,DNS
1722973834.853426,CkRyez25FFPw6WoDrg,192.168.1.4,39840,63.140.39.35,443,udp,0.0173888206,37,339,SF,True,True,0,Dd,1,65,1,367,8e537618e75bc0ff,1122ba6685018428,HTTPS
1722973863.069441,CUIFZu4wMHttU0Yc32,192.168.1.4,46768,172.253.122.149,443,udp,0.0173888206,37,339,SF,True,True,0,Dd,1,65,1,367,8e537618e75bc0ff,1122ba6685018428,HTTPS
1722973803.018102,CxA9Ri2fyYzFWTEU79,192.168.1.4,49069,192.168.1.1,53,udp,0.0068230629,38,378,SF,True,True,0,Dd,1,66,1,406,8e537618e75bc0ff,1122ba6685018428,DNS
1722973808.184391,Cq3MNV1fRhlEwNoPqc,192.168.1.4,44546,192.168.1.1,53,udp,0.0068230629,38,378,SF,True,True,0,Dd,1,66,1,406,8e537618e75bc0ff,1122ba6685018428,DNS
1722973805.433794,CgmZeE3PR6yvOQkpRl,192.168.1.4,36901,192.168.1.1,53,udp,0.0068230629,38,378,SF,True,True,0,Dd,1,66,1,406,8e537618e75bc0ff,1122ba6685018428,DNS
1722973862.468715,CQ7eWwtCfJ8OURuYa,192.168.1.4,58779,192.168.1.1,53,udp,0.0068230629,38,378,SF,True,True,0,Dd,1,66,1,406,8e537618e75bc0ff,1122ba6685018428,DNS
1722973803.885503,CyCSH22wO3ljaExpZi,192.168.1.4,39071,192.168.1.1,53,udp,0.0021119118,68,134,SF,True,True,0,Dd,1,96,1,162,8e537618e75bc0ff,1122ba6685018428,DNS
1722973802.220213,C3N2rm3t1CdKHkkWwc,192.168.1.4,49129,192.168.1.1,53,udp,0.0021119118,68,134,SF,True,True,0,Dd,1,96,1,162,8e537618e75bc0ff,1122ba6685018428,DNS
1722973803.293054,ChBJg83yprwV7xdUZ2,192.168.1.4,34344,23.218.218.157,443,tcp,28.8440477848,1835,5624,SF,True,False,0,ShADadfF,12,2467,12,6256,8e537618e75bc0ff,1122ba6685018428,HTTPS
1722973803.260966,Ct2ROZ29RMJmadZpL,192.168.1.4,53108,142.251.179.94,443,tcp,28.8440477848,1835,5624,SF,True,False,0,IIiiihhhIHH,12,2467,12,6256,2410c377ddc9321f,e410c377ddc9321f,HTTPS
1722973772.038416,CFHkNMW5EPp79is49,192.168.1.4,49127,192.168.1.1,53,udp,0.0777881145,37,401,SF,True,True,0,Dd,1,65,1,429,2410c377ddc9321f,e410c377ddc9321f,DNS
1722973839.278112,CabXC9Jgx4uaxT6Rd,192.168.1.4,51388,192.168.1.1,53,udp,0.0777881145,37,401,SF,True,True,0,Dd,1,65,1,429,2410c377ddc9321f,e410c377ddc9321f,DNS
1722973838.169448,CNjEX42uglbumb2Do1,192.168.1.4,48188,192.168.1.1,53,udp,0.0777881145,37,401,SF,True,True,0,Dd,1,65,1,429,2410c377ddc9321f,e410c377ddc9321f,DNS
1722973772.706728,C86uKj26xiLUEryRd,192.168.1.4,32829,192.168.1.1,53,udp,0.0017929077,42,391,SF,True,True,0,Dd,1,70,1,419,2410c377ddc9321f,e410c377ddc9321f,DNS
1722973856.447134,Cr7KK64wekyDdYioCe,192.168.1.4,42110,192.168.1.1,53,udp,0.0031099319,42,102,SF,True,True,0,Dd,1,70,1,130,2410c377ddc9321f,e410c377ddc9321f,DNS
1722973823.350752,CABmdY3bx9QVMob5wa,192.168.1.4,41258,192.168.1.1,53,udp,0.0031099319,42,102,SF,True,True,0,Dd,1,70,1,130,2410c377ddc9321f,e410c377ddc9321f,DNS
1722973802.969477,CCyfg83vkyvnh6HMik,192.168.1.4,51113,142.251.179.155,443,udp,0.1045911312,5069,10777,SF,True,False,0,Dd,12,5405,14,11169,2410c377ddc9321f,e410c377ddc9321f,HTTPS
1722973803.023136,C07l3E2cj6xsx3LZwj,192.168.1.4,42693,192.168.1.1,53,udp,0.1045911312,5069,10777,SF,True,False,0,Dd,12,5405,14,11169,2410c377ddc9321f,e410c377ddc9321f,DNS
1722973802.586985,C7k6O049lHgVzKc6K8,192.168.1.4,40284,18.238.55.103,443,udp,0.1045911312,5069,10777,SF,True,False,0,Dd,12,5405,14,11169,2410c377ddc9321f,e410c377ddc9321f,HTTPS
1722973803.264482,CsSEZG16FA2ueHvsg,192.168.1.4,58668,15.197.167.90,443,tcp,60.0789039135,1880,2619,RSTO,True,False,0,ShADadtfR,12,2524,10,4453,2410c377ddc9321f,e410c377ddc9321f,HTTPS
1722973862.623093,C4uWT52IYQkuOcK2Le,192.168.1.4,57398,3.166.192.90,443,tcp,60.0789039135,1880,2619,RSTO,True,False,0,ShADadtfR,12,2524,10,4453,2410c377ddc9321f,e410c377ddc9321f,HTTPS
1722973837.241565,C4u2qL3p4b5Bwcz7L7,192.168.1.4,45998,52.182.143.209,443,tcp,60.0789039135,1880,2619,RSTO,True,False,0,ShADadtfR,12,2524,10,4453,2410c377ddc9321f,e410c377ddc9321f,HTTPS
1722973832.695695,CZ3AOZ39WqTiPxH3Id,192.168.1.4,55235,192.168.1.1,53,udp,0.006551027300000001,37,182,SF,True,True,0,Dd,1,65,1,210,2410c377ddc9321f,e410c377ddc9321f,DNS
1722973862.536014,CFawsR2ALR2NqXShu7,192.168.1.4,50020,142.251.111.97,443,udp,0.006551027300000001,37,182,SF,True,True,0,Dd,1,65,1,210,2410c377ddc9321f,e410c377ddc9321f,HTTPS
1722973862.632525,Cx12Eh10b44cxxfWH1,192.168.1.4,58852,192.168.1.1,53,udp,0.006551027300000001,37,182,SF,True,True,0,Dd,1,65,1,210,2410c377ddc9321f,e410c377ddc9321f,DNS
1722973862.572768,CkxTYLPJqhDtKsi1c,192.168.1.4,57226,34.198.122.35,443,udp,0.006551027300000001,37,182,SF,True,True,0,Dd,1,65,1,210,2410c377ddc9321f,e410c377ddc9321f,HTTPS
1722973833.382367,CWj41E45zt7kQXvEN7,192.168.1.4,57739,192.168.1.1,53,udp,0.006551027300000001,37,182,SF,True,True,0,Dd,1,65,1,210,2410c377ddc9321f,e410c377ddc9321f,DNS
1722973838.227712,CrTbuB1KT3eMiiQEff,192.168.1.4,48948,192.168.1.1,53,udp,0.006551027300000001,37,182,SF,True,True,0,Dd,1,65,1,210,2410c377ddc9321f,e410c377ddc9321f,DNS
1722973860.863728,CTeI8y3t2F1stdHJG2,192.168.1.4,51923,192.168.1.1,53,udp,0.0012629032,44,125,SF,True,True,0,Dd,1,72,1,153,2410c377ddc9321f,e410c377ddc9321f,DNS
1722973773.595138,CRjAho3dxB4CyI5Eae,192.168.1.4,39782,142.251.167.190,443,udp,0.0012629032,44,125,SF,True,True,0,Dd,1,72,1,153,2410c377ddc9321f,e410c377ddc9321f,HTTPS
1722973838.227596,Cftjy54xdouKqN5WJa,192.168.1.4,45293,192.168.1.1,53,udp,0.0044469833,41,101,SF,True,True,0,Dd,1,69,1,129,2410c377ddc9321f,e410c377ddc9321f,DNS
1722973838.18731,CBWuTQ25dUa2rA88s,192.168.1.4,45062,172.253.122.148,443,udp,0.0044469833,41,101,SF,True,True,0,Dd,1,69,1,129,2410c377ddc9321f,e410c377ddc9321f,HTTPS
1722973771.929473,CnMkzf1pHIp5tOJwX8,192.168.1.4,59403,35.186.236.0,443,udp,0.0044469833,41,101,SF,True,True,0,Dd,1,69,1,129,2410c377ddc9321f,e410c377ddc9321f,HTTPS
1722973854.286172,CDSbeP3f8XUyPioF79,192.168.1.4,41708,142.250.81.234,443,udp,0.0044469833,41,101,SF,True,True,0,Dd,1,69,1,129,2410c377ddc9321f,e410c377ddc9321f,HTTPS
1722973860.863728,CTeI8y3t2F1stdHJG2,192.168.1.4,51923,192.168.1.1,53,udp,0.0044469833,41,101,SF,True,True,0,Dd,1,69,1,129,2410c377ddc9321f,e410c377ddc9321f,DNS
1722973805.430564,CsBeMJLlG8IuUiCil,192.168.1.4,35460,192.168.1.1,53,udp,0.0044469833,41,101,SF,True,True,0,Dd,1,69,1,129,2410c377ddc9321f,e410c377ddc9321f,DNS
1722973745.386241,CMKw6r15aH6Q8B9FRl,192.168.1.4,57788,23.73.207.154,443,udp,30.0343539715,2825,3288,SF,True,False,0,Dd,8,3049,11,3596,2410c377ddc9321f,e410c377ddc9321f,HTTPS
1722973862.352854,C5iJMatkuXGrhVs36,192.168.1.4,47088,192.168.1.1,53,udp,30.0343539715,2825,3288,SF,True,False,0,Dd,8,3049,11,3596,2410c377ddc9321f,e410c377ddc9321f,DNS
1722973803.039791,CqQNT91L9xv8FPdWb,192.168.1.4,36084,31.13.71.7,443,udp,30.0343539715,2825,3288,SF,True,False,0,IIishhhHHh,8,3049,11,3596,e86950737ffb9224,bf2401472067c344,HTTPS
1722973838.108783,CV3Jeh4xbwch7yZR5l,192.168.1.4,51752,192.168.1.1,53,udp,0.0029211044,42,393,SF,True,True,0,Dd,1,70,1,421,e86950737ffb9224,bf2401472067c344,DNS
1722973832.427962,CxtNWw4vrmKa04xT4c,192.168.1.4,53212,192.168.1.1,53,udp,0.0019438267,41,102,SF,True,True,0,Dd,1,69,1,130,e86950737ffb9224,bf2401472067c344,DNS
1722973862.671464,C8pjd93XiF0SLM4Vwj,192.168.1.4,41792,146.75.38.132,443,udp,0.0019438267,41,102,SF,True,True,0,Dd,1,69,1,130,e86950737ffb9224,bf2401472067c344,HTTPS
1722973863.231605,C1fcHn4dcbjf4QMYf6,192.168.1.4,41810,192.168.1.1,53,udp,0.0019438267,41,102,SF,True,True,0,Dd,1,69,1,130,e86950737ffb9224,bf2401472067c344,DNS
1722973802.483191,CVVLLM2MfcXGOpbQd2,192.168.1.4,56948,192.168.1.1,53,udp,0.0315868855,33,509,SF,True,True,0,Dd,1,61,1,537,e86950737ffb9224,bf2401472067c344,DNS
1722973862.516808,Ctapjk17P8Olg95u67,192.168.1.4,54988,192.168.1.1,53,udp,0.0315868855,33,509,SF,True,True,0,Dd,1,61,1,537,e86950737ffb9224,bf2401472067c344,DNS
1722973808.007475,C539vA2Zo6QgseuEE7,192.168.1.4,49736,216.239.38.181,443,udp,0.06971120830000001,4023,9421,SF,True,False,0,Dd,7,4219,10,9701,e86950737ffb9224,bf2401472067c344,HTTPS
1722973803.041619,CY3FlEvZTW1fV7Zw1,192.168.1.4,51822,142.251.179.147,443,udp,0.06971120830000001,4023,9421,SF,True,False,0,IIiiihhhIHHhH,7,4219,10,9701,06424c4450e4a20b,e6424c4450e4a20b,HTTPS
1722973833.412112,CNnhXf2R4j6Ac1r3x4,192.168.1.4,44140,23.220.132.139,443,udp,0.06971120830000001,4023,9421,SF,True,False,0,IIiiihhhIHHhH,7,4219,10,9701,06424c4450e4a20b,e6424c4450e4a20b,HTTPS
1722973576.736216,CIhdwe46ihzPPh07q6,192.168.1.4,46600,47.246.110.45,443,tcp,224.7605090141,33499,1420,SF,True,False,0,ShADadfF,35,34919,29,2592,06424c4450e4a20b,e6424c4450e4a20b,HTTPS
1722973772.260429,C8w4Hp2n2Hsl8bQRTi,192.168.1.4,51950,3.166.200.14,443,tcp,61.1358880997,1955,442,SF,True,False,0,ShADadFf,11,2543,9,926,06424c4450e4a20b,e6424c4450e4a20b,HTTPS
1722973802.501892,CmPVWE13GvjqzOoEj,192.168.1.4,58882,192.168.1.1,53,udp,61.1358880997,1955,442,SF,True,False,0,ShADadFf,11,2543,9,926,06424c4450e4a20b,e6424c4450e4a20b,DNS
1722973862.516479,C5Sw3a3w08r5a7NK09,192.168.1.4,54038,192.168.1.1,53,udp,61.1358880997,1955,442,SF,True,False,0,ShADadFf,11,2543,9,926,06424c4450e4a20b,e6424c4450e4a20b,DNS
1722973832.752662,CoeWSQ1mIBhQLcJ051,192.168.1.4,58590,23.205.106.80,443,udp,61.1358880997,1955,442,SF,True,False,0,ShADadFf,11,2543,9,926,06424c4450e4a20b,e6424c4450e4a20b,HTTPS
1722973741.789824,CY4uGu2PVhMtHdZ8nh,192.168.1.4,33410,198.49.23.144,443,tcp,55.2878479958,2038,5249,RSTR,True,False,0,ShADadfr,10,2566,10,5765,06424c4450e4a20b,e6424c4450e4a20b,HTTPS
1722973839.278112,CabXC9Jgx4uaxT6Rd,192.168.1.4,51388,192.168.1.1,53,udp,0.0166790485,45,359,SF,True,True,0,Dd,1,73,1,387,06424c4450e4a20b,e6424c4450e4a20b,DNS
1722973772.059307,C5UtdN2CVHXHStaJB1,192.168.1.4,52844,142.251.179.94,443,tcp,60.0919239521,1865,6350,SF,True,False,0,ShADadFf,12,2497,10,6878,06424c4450e4a20b,e6424c4450e4a20b,HTTPS
1722973741.851052,CNjVXU3ft2oDHAFr7c,192.168.1.4,33416,198.49.23.144,443,tcp,55.2278108597,1974,5249,RSTR,True,False,0,ShADadfr,12,2606,11,5817,06424c4450e4a20b,e6424c4450e4a20b,HTTPS
1722973802.502022,Cr40dj6EyanSOvse2,192.168.1.4,47746,192.168.1.1,53,udp,0.09911894800000001,28,109,SF,True,True,0,Dd,1,56,1,137,06424c4450e4a20b,e6424c4450e4a20b,DNS
1722973862.46865,CZInXw7yKt7VUk7E3,192.168.1.4,43940,192.168.1.1,53,udp,0.0310378075,31,220,SF,True,True,0,Dd,1,59,1,248,06424c4450e4a20b,e6424c4450e4a20b,DNS
1722973805.21943,CwQP9s4vEv6Ep3RJ89,192.168.1.4,49437,192.168.1.1,53,udp,0.0310378075,31,220,SF,True,True,0,Dd,1,59,1,248,06424c4450e4a20b,e6424c4450e4a20b,DNS
1722973772.038473,CVsZJS2ro3URZSuHn2,192.168.1.4,42550,192.168.1.1,53,udp,0.07800006870000001,37,446,SF,True,True,0,Dd,1,65,1,474,06424c4450e4a20b,e6424c4450e4a20b,DNS
1722973772.117371,C4hVYuDmJzuTb1R3f,192.168.1.4,40424,104.22.21.64,443,udp,0.07800006870000001,37,446,SF,True,True,0,IIiiiihIhHhHH,1,65,1,474,ffc6f2c43557ea69,0175c5dc051c4fa392774cdcf71c547ee0441a50,HTTPS
1722973833.398394,Ciz6TD8hvHGBkyfNk,192.168.1.4,58602,23.205.106.80,443,udp,0.07800006870000001,37,446,SF,True,True,0,IIiiiihIhHhHH,1,65,1,474,ffc6f2c43557ea69,0175c5dc051c4fa392774cdcf71c547ee0441a50,HTTPS
1722973832.756521,CkkWgz358NPpOSc5eh,192.168.1.4,49518,18.238.4.109,443,udp,0.07800006870000001,37,446,SF,True,True,0,IIiiiihIhHhHH,1,65,1,474,ffc6f2c43557ea69,0175c5dc051c4fa392774cdcf71c547ee0441a50,HTTPS
1722973832.739328,CyKfaK2ikbGwe3PGN,192.168.1.4,38638,192.168.1.1,53,udp,0.07800006870000001,37,446,SF,True,True,0,IIiiiihIhHhHH,1,65,1,474,ffc6f2c43557ea69,0175c5dc051c4fa392774cdcf71c547ee0441a50,DNS
1722973833.672859,CWiengFHg2gYEzc2,192.168.1.4,46970,23.220.125.194,443,udp,0.07800006870000001,37,446,SF,True,True,0,IIiiiihIhHhHH,1,65,1,474,ffc6f2c43557ea69,0175c5dc051c4fa392774cdcf71c547ee0441a50,HTTPS
1722973808.184317,CHw8862OyDTmrViro3,192.168.1.4,53561,192.168.1.1,53,udp,0.07800006870000001,37,446,SF,True,True,0,IIiiiihIhHhHH,1,65,1,474,ffc6f2c43557ea69,0175c5dc051c4fa392774cdcf71c547ee0441a50,DNS
1722973863.0882,C9stpP3mkoJiVZRNvc,192.168.1.4,52226,192.168.1.1,53,udp,0.07800006870000001,37,446,SF,True,True,0,IIiiiihIhHhHH,1,65,1,474,ffc6f2c43557ea69,0175c5dc051c4fa392774cdcf71c547ee0441a50,DNS
1722973803.279269,CfHsCGd2wADUyaH5d,192.168.1.4,38640,44.217.247.226,443,udp,0.07800006870000001,37,446,SF,True,True,0,IIiiiihIhHhHH,1,65,1,474,ffc6f2c43557ea69,0175c5dc051c4fa392774cdcf71c547ee0441a50,HTTPS
1722973803.033543,CCUWTw44RC8VPUTyV,192.168.1.4,48060,18.238.4.89,443,udp,0.07800006870000001,37,446,SF,True,True,0,IIiiiihIhHhHH,1,65,1,474,ffc6f2c43557ea69,0175c5dc051c4fa392774cdcf71c547ee0441a50,HTTPS
1722973802.878519,Cd2AsvceiNGAfaxj1,192.168.1.4,45386,142.251.111.97,443,udp,0.07800006870000001,37,446,SF,True,True,0,IIiiihhhIHHhH,1,65,1,474,17ccf14045655f26,f7ccf14045655f26,HTTPS
1722973833.28085,CA0qXJ1waR07RrTC1c,192.168.1.4,53788,192.168.1.1,53,udp,0.07800006870000001,37,446,SF,True,True,0,IIiiihhhIHHhH,1,65,1,474,17ccf14045655f26,f7ccf14045655f26,DNS
1722973803.027876,C7tVb2zTegWVb8TC2,192.168.1.4,53624,3.166.192.15,443,udp,0.07800006870000001,37,446,SF,True,True,0,IIiiihhhIHHhH,1,65,1,474,17ccf14045655f26,f7ccf14045655f26,HTTPS
1722973839.879346,CCKcrtEVDhc6y2FFf,192.168.1.4,50066,192.168.1.1,53,udp,0.0005431175,63,63,SF,True,True,0,Dd,1,91,1,91,17ccf14045655f26,f7ccf14045655f26,DNS
