ts,uid,id.orig_h,id.orig_p,id.resp_h,id.resp_p,proto,duration,orig_bytes,resp_bytes,conn_state,local_orig,local_resp,missed_bytes,history,orig_pkts,orig_ip_bytes,resp_pkts,resp_ip_bytes,label
1723132981.511128,C0W7pj2yMqgfm0GEI3,144.80.70.54,63436,192.168.1.4,22,tcp,15.158000946,6388,24090,RSTO,False,True,0,ShAdDaR,149,12360,214,32662,SSH
1723133043.982859,CJBAes4ttXHiKLQGrc,192.168.1.4,41464,192.168.1.1,53,udp,15.158000946,6388,24090,RSTO,False,True,0,ShAdDaR,149,12360,214,32662,DNS
1723133044.893893,ClttcD37Gpluv56DW3,192.168.1.4,44257,192.168.1.1,53,udp,15.158000946,6388,24090,RSTO,False,True,0,ShAdDaR,149,12360,214,32662,DNS
1723133043.750684,CnDTNV2Vl92d0QROa6,192.168.1.4,54739,192.168.1.1,53,udp,15.158000946,6388,24090,RSTO,False,True,0,ShAdDaR,149,12360,214,32662,DNS
1723133046.220204,CDNt991bBRXsCBVa5c,192.168.1.4,38091,192.168.1.1,53,udp,15.158000946,6388,24090,RSTO,False,True,0,ShAdDaR,149,12360,214,32662,DNS
1723133045.687796,CQk6h81W2vmlH2Ynmb,192.168.1.4,49314,172.253.62.154,443,udp,15.158000946,6388,24090,RSTO,False,True,0,ShAdDaR,149,12360,214,32662,HTTPS
1723133044.248938,CmNyN94dg9AaQJKT6l,192.168.1.4,46046,192.168.1.1,53,udp,15.158000946,6388,24090,RSTO,False,True,0,ShAdDaR,149,12360,214,32662,DNS
1723133046.217575,COPrC63O4znlDRUb2c,192.168.1.4,45964,192.168.1.1,53,udp,15.158000946,6388,24090,RSTO,False,True,0,ShAdDaR,149,12360,214,32662,DNS
1723133043.783256,C3yJJe2K0cZideilhc,192.168.1.4,52017,192.168.1.1,53,udp,15.158000946,6388,24090,RSTO,False,True,0,ShAdDaR,149,12360,214,32662,DNS
1723133044.398743,CbWrT42z6pEntm09q8,192.168.1.4,52366,192.168.1.1,53,udp,15.158000946,6388,24090,RSTO,False,True,0,ShAdDaR,149,12360,214,32662,DNS
1723133042.896335,Cc9JVm3vzwiZVvEwc,192.168.1.4,40136,192.168.1.1,53,udp,15.158000946,6388,24090,RSTO,False,True,0,ShAdDaR,149,12360,214,32662,DNS
1723133044.799587,CHwveA2O7zttxJUrfc,192.168.1.4,56052,192.168.1.1,53,udp,15.158000946,6388,24090,RSTO,False,True,0,ShAdDaR,149,12360,214,32662,DNS
1723133042.86528,CyqbP225jwV9m689Si,192.168.1.4,35999,192.168.1.1,53,udp,15.158000946,6388,24090,RSTO,False,True,0,ShAdDaR,149,12360,214,32662,DNS
1723133043.948559,CkED7AKdV33qfsLdk,192.168.1.4,47081,192.168.1.1,53,udp,15.158000946,6388,24090,RSTO,False,True,0,ShAdDaR,149,12360,214,32662,DNS
1723133044.068703,CitAeP3l4fFCsnZRV6,192.168.1.4,54215,192.168.1.1,53,udp,15.158000946,6388,24090,RSTO,False,True,0,ShAdDaR,149,12360,214,32662,DNS
1723133045.212764,CFtaSG1PCMURp8WBnb,192.168.1.4,57511,192.168.1.1,53,udp,15.158000946,6388,24090,RSTO,False,True,0,ShAdDaR,149,12360,214,32662,DNS
1723133044.81976,CvZP4W13ndEwmeKOFe,192.168.1.4,52209,192.168.1.1,53,udp,15.158000946,6388,24090,RSTO,False,True,0,ShAdDaR,149,12360,214,32662,DNS
1723133044.818693,CjRKOW2MsIty780Xsh,192.168.1.4,35762,192.168.1.1,53,udp,15.158000946,6388,24090,RSTO,False,True,0,ShAdDaR,149,12360,214,32662,DNS
1723133045.490867,CD8m1H30P5AbcXH7j1,192.168.1.4,42424,205.234.175.175,443,udp,15.158000946,6388,24090,RSTO,False,True,0,ShAdDaR,149,12360,214,32662,HTTPS
1723133044.625555,CsoUOo1oKifu1xKBdh,192.168.1.4,51605,192.168.1.1,53,udp,15.158000946,6388,24090,RSTO,False,True,0,ShAdDaR,149,12360,214,32662,DNS
1723133043.02426,CjT0U21RmVOndtq1l4,192.168.1.4,50294,151.101.129.91,443,udp,15.158000946,6388,24090,RSTO,False,True,0,ShAdDaR,149,12360,214,32662,HTTPS
1723133045.436965,CWFnhh25q6WXvTp0He,192.168.1.4,38983,192.168.1.1,53,udp,15.158000946,6388,24090,RSTO,False,True,0,ShAdDaR,149,12360,214,32662,DNS
1723133043.882292,CoAOjJ1Yg8bVbrYd07,192.168.1.4,39830,23.51.228.133,443,udp,0.0,6388,24090,RSTO,False,True,0,ShAdDaR,149,12360,214,32662,HTTPS
1723133044.252757,C53sdA4aCk5mm2D5pl,192.168.1.4,49881,192.168.1.1,53,udp,0.0,6388,24090,RSTO,False,True,0,ShAdDaR,149,12360,214,32662,DNS
1723133036.110054,CqK8G341UNu4278ev6,192.168.1.4,49137,192.168.1.1,53,udp,0.0,6388,24090,RSTO,False,True,0,ShAdDaR,149,12360,214,32662,DNS
1723133044.60441,C8nNsPm5nUqXSQEXh,192.168.1.4,41352,192.168.1.1,53,udp,0.0,6388,24090,RSTO,False,True,0,ShAdDaR,149,12360,214,32662,DNS
1723133044.063198,CUrKEJ3vPCIIJadeB8,192.168.1.4,38264,192.168.1.1,53,udp,0.0,6388,24090,RSTO,False,True,0,ShAdDaR,149,12360,214,32662,DNS
1723133044.490431,CsOO4p1w3mlXHb7UQ5,192.168.1.4,33188,52.223.22.214,443,udp,0.0,6388,24090,RSTO,False,True,0,ShAdDaR,149,12360,214,32662,HTTPS
1723133046.214992,CPxe151VOlYwYiepJf,192.168.1.4,40215,192.168.1.1,53,udp,0.0,6388,24090,RSTO,False,True,0,ShAdDaR,149,12360,214,32662,DNS
1723133044.638265,CbOUDK1tuXenMveGAc,192.168.1.4,42508,172.240.45.81,443,udp,0.0,6388,24090,RSTO,False,True,0,ShAdDaR,149,12360,214,32662,HTTPS
1723133043.137129,CGL6XuWTVyWDzL7xc,192.168.1.4,48599,192.168.1.1,53,udp,0.0,6388,24090,RSTO,False,True,0,ShAdDaR,149,12360,214,32662,DNS
1723133044.869085,CBOmoc2l6kK5rwMVzc,192.168.1.4,39002,192.168.1.1,53,udp,0.0,6388,24090,RSTO,False,True,0,ShAdDaR,149,12360,214,32662,DNS
1723133043.409329,CYrbor2By7vEa8nsF,192.168.1.4,36002,192.168.1.1,53,udp,0.0,6388,24090,RSTO,False,True,0,ShAdDaR,149,12360,214,32662,DNS
1723133046.281659,CppbK74udHnokrybQk,192.168.1.4,58518,52.7.3.183,443,udp,0.0,6388,24090,RSTO,False,True,0,ShAdDaR,149,12360,214,32662,HTTPS
1723133044.394883,CLgoUZ3CQFDBTIZwYb,192.168.1.4,33253,192.168.1.1,53,udp,0.0,6388,24090,RSTO,False,True,0,ShAdDaR,149,12360,214,32662,DNS
1723133044.490025,CopbUYqMkuV2oRY87,192.168.1.4,33184,52.223.22.214,443,udp,0.0,6388,24090,RSTO,False,True,0,ShAdDaR,149,12360,214,32662,HTTPS
1723133044.237536,CT0Ddy4zmMaodOy8Ob,192.168.1.4,37104,192.168.1.1,53,udp,0.0,6388,24090,RSTO,False,True,0,ShAdDaR,149,12360,214,32662,DNS
1723133044.29526,COcPwp3uRUbphnqBA1,192.168.1.4,37346,192.168.1.1,53,udp,0.0,6388,24090,RSTO,False,True,0,ShAdDaR,149,12360,214,32662,DNS
1723133036.120579,CxNRjL2B2uFC2MEfuh,192.168.1.4,40358,40.78.155.44,443,udp,0.0,6388,24090,RSTO,False,True,0,ShAdDaR,149,12360,214,32662,HTTPS
1723133044.223575,C31lZx1kMzslq07sga,192.168.1.4,41971,192.168.1.1,53,udp,0.0,6388,24090,RSTO,False,True,0,ShAdDaR,149,12360,214,32662,DNS
1723133044.773767,CrIrpB1oklYzJbono5,192.168.1.4,39864,23.51.228.133,443,udp,0.0,6388,24090,RSTO,False,True,0,ShAdDaR,149,12360,214,32662,HTTPS
1723133044.475346,CiVIXIHcV9dlMpqqf,192.168.1.4,33994,192.168.1.1,53,udp,0.0,6388,24090,RSTO,False,True,0,ShAdDaR,149,12360,214,32662,DNS
1723133045.435677,CTmjq44KPeQ0mTxN8,192.168.1.4,54598,192.168.1.1,53,udp,0.0,6388,24090,RSTO,False,True,0,ShAdDaR,149,12360,214,32662,DNS
1723133044.39088,CNCcSw4Lpz7C96T9E6,192.168.1.4,42728,192.168.1.1,53,udp,0.0,6388,24090,RSTO,False,True,0,ShAdDaR,149,12360,214,32662,DNS
1723133046.217335,Ce0xVB3Sc6t2vYucAk,192.168.1.4,48007,192.168.1.1,53,udp,0.0,6388,24090,RSTO,False,True,0,ShAdDaR,149,12360,214,32662,DNS
1723133044.412201,CpBbyu3aWJaNic2oj9,192.168.1.4,58022,35.71.139.29,443,udp,0.0,6388,24090,RSTO,False,True,0,ShAdDaR,149,12360,214,32662,HTTPS
1723133044.232063,C7sdyEnW6hBe9oeL1,192.168.1.4,33130,192.168.1.1,53,udp,0.0,6388,24090,RSTO,False,True,0,ShAdDaR,149,12360,214,32662,DNS
1723133042.90692,CntURB1S3r3zlAyVPg,192.168.1.4,44183,192.168.1.1,53,udp,0.0,6388,24090,RSTO,False,True,0,ShAdDaR,149,12360,214,32662,DNS
1723133043.750021,C6N4iG254tTKfQOz4,192.168.1.4,56881,192.168.1.1,53,udp,0.0,6388,24090,RSTO,False,True,0,ShAdDaR,149,12360,214,32662,DNS
1723133046.215101,CDlS0R3AkprVG1dq0f,192.168.1.4,59302,192.168.1.1,53,udp,0.0,6388,24090,RSTO,False,True,0,ShAdDaR,149,12360,214,32662,DNS
1723133044.644317,CmjgJb21SHdZzBC23i,192.168.1.4,36288,8.2.110.17,443,udp,0.0,6388,24090,RSTO,False,True,0,ShAdDaR,149,12360,214,32662,HTTPS
1723133044.573023,CctXEA1iDVekXsCEa9,192.168.1.4,60373,192.168.1.1,53,udp,0.0,6388,24090,RSTO,False,True,0,ShAdDaR,149,12360,214,32662,DNS
1723133036.03555,CJaIgy3K03P2UHKuC1,192.168.1.4,46187,192.168.1.1,53,udp,0.0,6388,24090,RSTO,False,True,0,ShAdDaR,149,12360,214,32662,DNS
1723133044.62549,C1pUjl2eERWWigRv03,192.168.1.4,46807,192.168.1.1,53,udp,0.0,6388,24090,RSTO,False,True,0,ShAdDaR,149,12360,214,32662,DNS
1723133044.796714,CAlYJo4bt99Ei1G7R6,192.168.1.4,39852,23.51.228.133,443,udp,0.0,6388,24090,RSTO,False,True,0,ShAdDaR,149,12360,214,32662,HTTPS
1723133044.770122,CAlYJo4bt99Ei1G7R6,192.168.1.4,39852,23.51.228.133,443,udp,0.0,6388,24090,RSTO,False,True,0,ShAdDaR,149,12360,214,32662,HTTPS
1723133045.418063,CLS6u54bKPUItmnqw6,192.168.1.4,39268,192.168.1.1,53,udp,0.0,6388,24090,RSTO,False,True,0,ShAdDaR,149,12360,214,32662,DNS
1723133045.838944,C4iiJg1b8QhLyH7JM3,192.168.1.4,57639,192.168.1.1,53,udp,0.0,6388,24090,RSTO,False,True,0,ShAdDaR,149,12360,214,32662,DNS
1723133042.765857,CAM76y1ZmBTJp57Usc,192.168.1.4,39146,192.168.1.1,53,udp,0.0,6388,24090,RSTO,False,True,0,ShAdDaR,149,12360,214,32662,DNS
1723133043.749712,C5tmSH3EjeY3QeIThk,192.168.1.4,55349,192.168.1.1,53,udp,0.0,6388,24090,RSTO,False,True,0,ShAdDaR,149,12360,214,32662,DNS
1723133044.042353,Cvl6bs1OeL4INONVp5,192.168.1.4,52738,141.226.124.48,443,udp,0.0,6388,24090,RSTO,False,True,0,ShAdDaR,149,12360,214,32662,HTTPS
1723133042.852388,CGOpa34euZouglhufk,192.168.1.4,46254,192.168.1.1,53,udp,0.0,6388,24090,RSTO,False,True,0,ShAdDaR,149,12360,214,32662,DNS
1723133044.561302,CLEzIqAWG7ctoZD8,192.168.1.4,60192,192.168.1.1,53,udp,0.0,6388,24090,RSTO,False,True,0,ShAdDaR,149,12360,214,32662,DNS
1723133043.803234,CjDSnr1ZdQwHaWMt5k,192.168.1.4,38958,192.168.1.1,53,udp,0.0,6388,24090,RSTO,False,True,0,ShAdDaR,149,12360,214,32662,DNS
1723133042.846819,CHaDtu1I84IdfnnhW,192.168.1.4,44532,192.168.1.1,53,udp,0.0,6388,24090,RSTO,False,True,0,ShAdDaR,149,12360,214,32662,DNS
1723133044.524492,CsogxL1eDuUy63rGc2,192.168.1.4,60982,52.202.124.0,443,udp,0.0,6388,24090,RSTO,False,True,0,ShAdDaR,149,12360,214,32662,HTTPS
1723133043.906433,CH7XGU1BgG38HfRJY8,192.168.1.4,57465,192.168.1.1,53,udp,0.0,6388,24090,RSTO,False,True,0,ShAdDaR,149,12360,214,32662,DNS
1723133036.035217,CLVbex1RHQbekpSOw8,192.168.1.4,51603,192.168.1.1,53,udp,0.0,6388,24090,RSTO,False,True,0,ShAdDaR,149,12360,214,32662,DNS
1723133044.543523,C5D6jp2NJEOP0hRH5f,192.168.1.4,40670,192.168.1.1,53,udp,0.0,6388,24090,RSTO,False,True,0,ShAdDaR,149,12360,214,32662,DNS
1723133043.750824,CfSIs6Hm4lnc2GUCl,192.168.1.4,34769,192.168.1.1,53,udp,0.0,6388,24090,RSTO,False,True,0,ShAdDaR,149,12360,214,32662,DNS
1723133036.027517,CWvKRITDzuKoU3Vlh,192.168.1.4,55601,192.168.1.1,53,udp,0.0,6388,24090,RSTO,False,True,0,ShAdDaR,149,12360,214,32662,DNS
1723133045.666556,CwM25h3T9ckIQrCukb,192.168.1.4,50271,192.168.1.1,53,udp,0.0,6388,24090,RSTO,False,True,0,ShAdDaR,149,12360,214,32662,DNS
1723133044.865018,CqjDeg4upLCJJtiVnk,192.168.1.4,41116,192.168.1.1,53,udp,0.0,6388,24090,RSTO,False,True,0,ShAdDaR,149,12360,214,32662,DNS
1723133043.878489,Ce8lCd3N0zoPczuCTe,192.168.1.4,58300,3.166.199.142,443,udp,0.0,6388,24090,RSTO,False,True,0,ShAdDaR,149,12360,214,32662,HTTPS
1723133043.1376,CDYeVy4kX1EYENSQqa,192.168.1.4,55383,192.168.1.1,53,udp,0.0,6388,24090,RSTO,False,True,0,ShAdDaR,149,12360,214,32662,DNS
1723133044.409373,CPZoaX3KOjBvMBdJw9,192.168.1.4,43096,192.168.1.1,53,udp,0.0,6388,24090,RSTO,False,True,0,ShAdDaR,149,12360,214,32662,DNS
1723133043.751019,CBhOye2u8X3tsnXJP6,192.168.1.4,53754,192.168.1.1,53,udp,0.0,6388,24090,RSTO,False,True,0,ShAdDaR,149,12360,214,32662,DNS
1723133044.888633,CLQsBi4BAYm9hn4Vzi,192.168.1.4,60416,69.173.146.5,443,udp,0.0,6388,24090,RSTO,False,True,0,ShAdDaR,149,12360,214,32662,HTTPS
1723133043.790926,CV8d6J2vppRXRSaKh8,192.168.1.4,40251,192.168.1.1,53,udp,0.0,6388,24090,RSTO,False,True,0,ShAdDaR,149,12360,214,32662,DNS
1723133042.846691,CmzcuQ2liX1RIf3qy4,192.168.1.4,40043,192.168.1.1,53,udp,0.0,6388,24090,RSTO,False,True,0,ShAdDaR,149,12360,214,32662,DNS
1723133044.384249,C7heEF1BC4OccXyhH,192.168.1.4,40771,192.168.1.1,53,udp,0.0,6388,24090,RSTO,False,True,0,ShAdDaR,149,12360,214,32662,DNS
1723133043.948365,CnSjQ62cB2hjpZIsbb,192.168.1.4,39422,192.168.1.1,53,udp,0.0,6388,24090,RSTO,False,True,0,ShAdDaR,149,12360,214,32662,DNS
1723133044.016275,CrCycd3gxbsZHQ6LF8,192.168.1.4,52754,141.226.124.48,443,udp,0.0,6388,24090,RSTO,False,True,0,ShAdDaR,149,12360,214,32662,HTTPS
1723133046.225162,C8f3IV3thkrRVgdyW,192.168.1.4,56670,34.192.29.138,443,udp,0.0,6388,24090,RSTO,False,True,0,ShAdDaR,149,12360,214,32662,HTTPS
1723133043.012613,CNJmkG4tIFcw0xBjZ3,192.168.1.4,50588,192.168.1.1,53,udp,0.0,6388,24090,RSTO,False,True,0,ShAdDaR,149,12360,214,32662,DNS
1723133044.253356,CQKT7C3vLDbOlbm8we,192.168.1.4,36425,192.168.1.1,53,udp,0.0,6388,24090,RSTO,False,True,0,ShAdDaR,149,12360,214,32662,DNS
1723133046.202265,CdVXVA2CgJibC6Vxm8,192.168.1.4,38810,192.168.1.1,53,udp,0.0,6388,24090,RSTO,False,True,0,ShAdDaR,149,12360,214,32662,DNS
1723133046.1995,Cays7b4NBI2fGpGFc,192.168.1.4,47111,192.168.1.1,53,udp,0.0,6388,24090,RSTO,False,True,0,ShAdDaR,149,12360,214,32662,DNS
1723133046.28987,CAqCLQ2KFDUhHhyREc,192.168.1.4,37416,51.222.239.232,443,udp,0.0,6388,24090,RSTO,False,True,0,ShAdDaR,149,12360,214,32662,HTTPS
1723133043.776882,C2V267vhPZNr98Pbg,192.168.1.4,50364,172.67.72.240,443,udp,0.0,6388,24090,RSTO,False,True,0,ShAdDaR,149,12360,214,32662,HTTPS
1723133031.072078,ClCfDn48iYZxCvTp73,192.168.1.4,36057,192.168.1.1,53,udp,0.0006330013,53,78,SF,True,True,0,Dd,1,81,1,106,DNS
1723133044.490356,C3ZjcbUdCae5jtyAe,192.168.1.4,46062,192.168.1.1,53,udp,0.0006330013,53,78,SF,True,True,0,Dd,1,81,1,106,DNS
1723133042.884899,Cscr8D2b2DIyeF7mL6,192.168.1.4,56014,192.168.1.1,53,udp,0.0006330013,53,78,SF,True,True,0,Dd,1,81,1,106,DNS
1723133043.782732,C0lxUO1aEy0ZXHqq4k,192.168.1.4,40404,192.168.1.1,53,udp,0.0006330013,53,78,SF,True,True,0,Dd,1,81,1,106,DNS
1723133043.850702,C8nZtfV2WtfWPfanl,192.168.1.4,51677,192.168.1.1,53,udp,0.0006330013,53,78,SF,True,True,0,Dd,1,81,1,106,DNS
1723133043.409509,CMwTJR3RPuxzwgstCa,192.168.1.4,42921,192.168.1.1,53,udp,0.0006330013,53,78,SF,True,True,0,Dd,1,81,1,106,DNS
1723133045.676637,Cjfada3eNwgy5r41M,192.168.1.4,43134,192.168.1.1,53,udp,0.0006330013,53,78,SF,True,True,0,Dd,1,81,1,106,DNS
1723133044.559678,CRJDhW17GaV26dltQ1,192.168.1.4,42814,192.168.1.1,53,udp,0.0006330013,53,78,SF,True,True,0,Dd,1,81,1,106,DNS
1723133043.979608,CeToEA1ITTZjlc6h34,192.168.1.4,46537,192.168.1.1,53,udp,0.0006330013,53,78,SF,True,True,0,Dd,1,81,1,106,DNS
1723133044.49029,CS57mA4vKYkvifuKcb,192.168.1.4,43615,192.168.1.1,53,udp,0.0006330013,53,78,SF,True,True,0,Dd,1,81,1,106,DNS
1723133042.902389,Cek1Uy1CzxDi7XsMul,192.168.1.4,51918,146.75.38.133,443,udp,0.0006330013,53,78,SF,True,True,0,Dd,1,81,1,106,HTTPS
1723133044.499515,CwZ1084BX16Y5LE6b8,192.168.1.4,54322,34.235.210.13,443,udp,0.0006330013,53,78,SF,True,True,0,Dd,1,81,1,106,HTTPS
1723133044.407268,COGibP3qpMQuBDM8g1,192.168.1.4,52023,192.168.1.1,53,udp,0.0006330013,53,78,SF,True,True,0,Dd,1,81,1,106,DNS
1723133042.849911,CZ0QBx33I0RInDq5N3,192.168.1.4,40918,192.168.1.1,53,udp,0.0006330013,53,78,SF,True,True,0,Dd,1,81,1,106,DNS
1723132982.468112,CGJL7D3oOiwb7jrSgc,192.168.1.4,37740,192.168.1.1,53,udp,0.0006330013,53,78,SF,True,True,0,Dd,1,81,1,106,DNS
1723133044.793829,CBoJVT1ImZhAT8NE3c,192.168.1.4,60510,192.168.1.1,53,udp,0.0006330013,53,78,SF,True,True,0,Dd,1,81,1,106,DNS
1723133044.606795,Ck1G5KPmjIc00iYHh,192.168.1.4,60156,192.168.1.1,53,udp,0.0006330013,53,78,SF,True,True,0,Dd,1,81,1,106,DNS
1723133043.867739,CcRR2niOXLo3bOdV6,192.168.1.4,46739,192.168.1.1,53,udp,0.0006330013,53,78,SF,True,True,0,Dd,1,81,1,106,DNS
1723133044.827467,CLImV24InOZTNGa6j,192.168.1.4,39894,23.51.228.133,443,udp,0.0006330013,53,78,SF,True,True,0,Dd,1,81,1,106,HTTPS
1723133042.765982,CZebN41nCnR74ugEPh,192.168.1.4,56636,192.168.1.1,53,udp,0.0006330013,53,78,SF,True,True,0,Dd,1,81,1,106,DNS
1723133046.202914,CI7fFcwC4SJRYjeka,192.168.1.4,46263,192.168.1.1,53,udp,0.0006330013,53,78,SF,True,True,0,Dd,1,81,1,106,DNS
1723133044.000676,CAkuio4LEUxK4PKZsc,192.168.1.4,39394,3.166.192.112,443,udp,0.0006330013,53,78,SF,True,True,0,Dd,1,81,1,106,HTTPS
1723133043.776212,CoilRj1QKJW9LipUF4,192.168.1.4,50273,192.168.1.1,53,udp,0.0006330013,53,78,SF,True,True,0,Dd,1,81,1,106,DNS
1723133044.290507,CXZC5f45KsN6p2yUCj,192.168.1.4,32912,68.67.160.184,443,udp,0.0,53,78,SF,False,True,0,Dd,1,81,1,106,HTTPS
1723133042.878062,C4NVDF3bP9QGoNtYGc,192.168.1.4,54067,192.168.1.1,53,udp,0.0,53,78,SF,False,True,0,Dd,1,81,1,106,DNS
1723133043.203122,CQI1R64Xt0nFR8mM7f,192.168.1.4,45480,104.18.31.32,443,udp,0.0,53,78,SF,False,True,0,Dd,1,81,1,106,HTTPS
1723133044.360835,CDCIsZ2t7HiFBJsWYd,192.168.1.4,54306,34.235.210.13,443,udp,0.0,53,78,SF,False,True,0,Dd,1,81,1,106,HTTPS
1723133044.459651,C9ke4z2rWekF3pe657,192.168.1.4,41771,192.168.1.1,53,udp,0.0,53,78,SF,False,True,0,Dd,1,81,1,106,DNS
1723133045.330645,C0L7Ta4uqBrlrOs8Yc,192.168.1.4,39167,192.168.1.1,53,udp,0.0,53,78,SF,False,True,0,Dd,1,81,1,106,DNS
1723133046.258944,C02qmq1nNNJnTIcC07,192.168.1.4,49600,64.202.112.127,443,udp,0.0,53,78,SF,False,True,0,Dd,1,81,1,106,HTTPS
1723133044.155156,Cjld9OxA316F0hgzk,192.168.1.4,38470,23.40.60.160,443,udp,0.0,53,78,SF,False,True,0,Dd,1,81,1,106,HTTPS
1723133043.978286,Cw7jNx3ZqwEyA1MGed,192.168.1.4,44485,192.168.1.1,53,udp,0.0,53,78,SF,False,True,0,Dd,1,81,1,106,DNS
1723133042.887084,CUbEGn2G8dj1egINE2,192.168.1.4,40854,192.168.1.1,53,udp,0.0,53,78,SF,False,True,0,Dd,1,81,1,106,DNS
1723133045.254016,CTPArrObCi8P34do5,192.168.1.4,59468,64.233.180.149,443,udp,0.0,53,78,SF,False,True,0,Dd,1,81,1,106,HTTPS
1723133044.728055,COWOorInyM2sXZnS1,192.168.1.4,34398,23.193.217.209,443,udp,0.0,53,78,SF,False,True,0,Dd,1,81,1,106,HTTPS
1723133044.402182,CmLFRv3dtJebCyzmE5,192.168.1.4,46677,192.168.1.1,53,udp,0.0,53,78,SF,False,True,0,Dd,1,81,1,106,DNS
1723133046.871832,CwkuXf2lDgRIXb2Bc,192.168.1.4,58948,192.168.1.1,53,udp,0.0,53,78,SF,False,True,0,Dd,1,81,1,106,DNS
1723133044.30279,CFzJJ54bqCDC119Jdl,192.168.1.4,47924,192.168.1.1,53,udp,0.0,53,78,SF,False,True,0,Dd,1,81,1,106,DNS
1723133036.035282,CQotvSCOzYflHshIg,192.168.1.4,49829,192.168.1.1,53,udp,0.0,53,78,SF,False,True,0,Dd,1,81,1,106,DNS
1723133046.257088,CT6ETt3ITJxYpB3OE2,192.168.1.4,49610,64.202.112.127,443,udp,0.0,53,78,SF,False,True,0,Dd,1,81,1,106,HTTPS
1723133044.434825,CwqYqZ1k3pafY7Myy7,192.168.1.4,45912,52.203.239.116,443,udp,0.0,53,78,SF,False,True,0,Dd,1,81,1,106,HTTPS
1723133044.464914,CuQQRR3SaugMgUsgj,192.168.1.4,34339,192.168.1.1,53,udp,0.0,53,78,SF,False,True,0,Dd,1,81,1,106,DNS
1723133043.201969,Csh4rV1qTEKTHpQVO9,192.168.1.4,60966,192.168.1.1,53,udp,0.0,53,78,SF,False,True,0,Dd,1,81,1,106,DNS
1723133043.783024,Ce9jBe4vjXiD2rW3v4,192.168.1.4,57569,192.168.1.1,53,udp,0.0,53,78,SF,False,True,0,Dd,1,81,1,106,DNS
1723133044.68978,COiuIJ3h6MrNj4pl2h,192.168.1.4,58925,192.168.1.1,53,udp,0.0,53,78,SF,False,True,0,Dd,1,81,1,106,DNS
1723133042.877401,CnhbDh3HRMn9vzYgS,192.168.1.4,41596,142.251.16.95,443,udp,0.0,53,78,SF,False,True,0,Dd,1,81,1,106,HTTPS
1723133043.748308,Cf3NKd23yUo170dJv,192.168.1.4,34005,192.168.1.1,53,udp,0.0,53,78,SF,False,True,0,Dd,1,81,1,106,DNS
1723133030.689437,CuDv2u56cZwBWDk2j,144.80.70.54,63458,192.168.1.4,22,udp,0.0,53,78,SF,False,True,0,Dd,1,81,1,106,SSH
1723133044.483884,Ca1iTS12Lt1AxUOJTj,192.168.1.4,41795,192.168.1.1,53,udp,0.0,53,78,SF,False,True,0,Dd,1,81,1,106,DNS
1723133044.542327,CBrqMx2JemV95wVn1l,192.168.1.4,51342,44.198.130.119,443,udp,0.0,53,78,SF,False,True,0,Dd,1,81,1,106,HTTPS
1723133044.379181,CL939p1dS5UrZqdOPd,192.168.1.4,37186,52.46.155.104,443,udp,0.0,53,78,SF,False,True,0,Dd,1,81,1,106,HTTPS
1723133044.015468,CtuWBHu9JKiId2Z4a,192.168.1.4,52770,141.226.124.48,443,udp,0.0,53,78,SF,False,True,0,Dd,1,81,1,106,HTTPS
1723133044.693552,Cu4U0n2ID0DQuRsj56,192.168.1.4,50055,192.168.1.1,53,udp,0.0,53,78,SF,False,True,0,Dd,1,81,1,106,DNS
1723133042.765686,CnYhfK2w8BcnDGIPSe,192.168.1.4,32965,192.168.1.1,53,udp,0.0,53,78,SF,False,True,0,Dd,1,81,1,106,DNS
1723133018.663191,CCf7tL1TK5gbCvxg62,144.80.70.54,63441,192.168.1.4,22,udp,0.0,53,78,SF,False,True,0,Dd,1,81,1,106,SSH
1723133044.617233,CSkaVr2zWX76bYhgJa,192.168.1.4,37916,69.194.240.13,443,udp,0.0,53,78,SF,False,True,0,Dd,1,81,1,106,HTTPS
1723133044.284001,CDr0rh4t6j61jeR8Z3,192.168.1.4,44156,23.197.180.217,443,udp,0.0,53,78,SF,False,True,0,Dd,1,81,1,106,HTTPS
1723133044.913703,Ctowkp2UuPnau485P2,192.168.1.4,47986,23.40.60.138,443,udp,0.0,53,78,SF,False,True,0,Dd,1,81,1,106,HTTPS
1723133043.409438,CRphIl3tNAJAv8VMf2,192.168.1.4,57670,192.168.1.1,53,udp,0.0,53,78,SF,False,True,0,Dd,1,81,1,106,DNS
1723133044.086141,Cnl75z24d9rSjKS2kb,192.168.1.4,60971,192.168.1.1,53,udp,0.0,53,78,SF,False,True,0,Dd,1,81,1,106,DNS
1723133044.101435,CSUoOf2OVi1msz3XXa,192.168.1.4,39952,172.67.11.14,443,udp,0.0,53,78,SF,False,True,0,Dd,1,81,1,106,HTTPS
1723133044.354845,CGyXkzNhr3Wkewro3,192.168.1.4,44706,192.168.1.1,53,udp,0.0,53,78,SF,False,True,0,Dd,1,81,1,106,DNS
1723133036.035493,Cs2trY2jSI6nLyHfZ,192.168.1.4,52277,192.168.1.1,53,udp,0.0,53,78,SF,False,True,0,Dd,1,81,1,106,DNS
1723133044.476818,CwA24B36RWNvqoEA5j,192.168.1.4,57952,192.168.1.1,53,udp,0.0,53,78,SF,False,True,0,Dd,1,81,1,106,DNS
1723133044.470232,CNnrir4qoqgDS9VND4,192.168.1.4,43043,192.168.1.1,53,udp,0.0,53,78,SF,False,True,0,Dd,1,81,1,106,DNS
1723133036.060398,CrQzzp2auEtpdphB0f,192.168.1.4,39832,192.168.1.1,53,udp,0.0,53,78,SF,False,True,0,Dd,1,81,1,106,DNS
1723133044.899779,CQdBAs16R310rnMFMk,192.168.1.4,58286,64.202.112.127,443,udp,0.0,53,78,SF,False,True,0,Dd,1,81,1,106,HTTPS
1723133043.749169,CyCRJt1sxtRO4mpjnb,192.168.1.4,58290,192.168.1.1,53,udp,0.0,53,78,SF,False,True,0,Dd,1,81,1,106,DNS
1723133040.101634,CfxhbQ38tWPuLM40fi,192.168.1.4,52329,192.168.1.1,53,udp,0.0,53,78,SF,False,True,0,Dd,1,81,1,106,DNS
1723133044.546415,CplhLX4CAmOhr0uS8,192.168.1.4,54560,3.213.157.16,443,udp,0.0,53,78,SF,False,True,0,Dd,1,81,1,106,HTTPS
1723133046.869427,CdPvyy3gAjyTvU4ggk,192.168.1.4,38550,192.168.1.1,53,udp,0.0,53,78,SF,False,True,0,Dd,1,81,1,106,DNS
1723133044.812449,CpC5jP2KKu1Dj56lP6,192.168.1.4,43700,18.238.4.121,443,udp,0.0,53,78,SF,False,True,0,Dd,1,81,1,106,HTTPS
1723133044.547556,ChIGC7JqJljcsx0T,192.168.1.4,34117,192.168.1.1,53,udp,0.0,53,78,SF,False,True,0,Dd,1,81,1,106,DNS
1723133046.282349,CyQgSc1eB36uliCgBl,192.168.1.4,46820,3.90.74.128,443,udp,0.0,53,78,SF,False,True,0,Dd,1,81,1,106,HTTPS
1723133043.081557,CBatil10uvDsFSvGWl,192.168.1.4,54810,3.166.192.9,443,udp,0.0,53,78,SF,False,True,0,Dd,1,81,1,106,HTTPS
1723133044.847603,C1qL4F1Sj8fcBnivd,192.168.1.4,41684,192.168.1.1,53,udp,0.0,53,78,SF,False,True,0,Dd,1,81,1,106,DNS
1723133044.876446,CmpXD12PU5onEaeB3f,192.168.1.4,32775,192.168.1.1,53,udp,0.0,53,78,SF,False,True,0,Dd,1,81,1,106,DNS
1723133044.334918,CE9B4I6lAayS7e7Q7,192.168.1.4,42519,192.168.1.1,53,udp,0.0,53,78,SF,False,True,0,Dd,1,81,1,106,DNS
1723133043.828509,CWDwza40BxDSINZ5eb,192.168.1.4,47656,3.225.63.64,443,udp,0.0,53,78,SF,False,True,0,Dd,1,81,1,106,HTTPS
1723133044.617375,CRbic44D58aO3PZAo9,192.168.1.4,35412,142.251.111.155,443,udp,0.0,53,78,SF,False,True,0,Dd,1,81,1,106,HTTPS
1723133045.242536,C5C8hv4fS9UBKgfyp5,192.168.1.4,60344,192.168.1.1,53,udp,0.0,53,78,SF,False,True,0,Dd,1,81,1,106,DNS
1723133044.876508,Cy4l0J2kchAtcBFHUj,192.168.1.4,36245,192.168.1.1,53,udp,0.0,53,78,SF,False,True,0,Dd,1,81,1,106,DNS
1723133040.104715,COT8Pt2wq1swmsXZO2,192.168.1.4,57713,192.168.1.1,53,udp,0.0,53,78,SF,False,True,0,Dd,1,81,1,106,DNS
1723133044.013412,CL3fJv4titIs5sUzy2,192.168.1.4,36193,192.168.1.1,53,udp,0.0,53,78,SF,False,True,0,Dd,1,81,1,106,DNS
1723133046.113655,CTKkk01fPgDexo9ACi,192.168.1.4,41155,192.168.1.1,53,udp,0.0,53,78,SF,False,True,0,Dd,1,81,1,106,DNS
1723133045.680995,CbliDKa9IHa04Y4de,192.168.1.4,35297,192.168.1.1,53,udp,0.0,53,78,SF,False,True,0,Dd,1,81,1,106,DNS
1723133043.016568,CvXN8Q1E6tN6c24ST5,192.168.1.4,56966,104.18.28.127,443,udp,0.0,53,78,SF,False,True,0,Dd,1,81,1,106,HTTPS
1723133044.232273,CG5rCd20g7G15B5ur8,192.168.1.4,58671,192.168.1.1,53,udp,0.0,53,78,SF,False,True,0,Dd,1,81,1,106,DNS
1723133042.896214,CPgtoi4hjWZ4x8fvvk,192.168.1.4,43157,192.168.1.1,53,udp,0.0,53,78,SF,False,True,0,Dd,1,81,1,106,DNS
1723133044.929498,Cto4Bl4Idsi7uIZgW2,192.168.1.4,34242,23.40.60.155,443,udp,0.0,53,78,SF,False,True,0,Dd,1,81,1,106,HTTPS
1723133043.153898,CZnkonXlKa3r38D3g,192.168.1.4,39154,3.166.192.74,443,udp,0.0,53,78,SF,False,True,0,Dd,1,81,1,106,HTTPS
1723133044.563018,CIdWja43ouGBiD9V92,192.168.1.4,34845,192.168.1.1,53,udp,0.0,53,78,SF,False,True,0,Dd,1,81,1,106,DNS
1723133042.765916,CaFV1I2qxtmHXiafeh,192.168.1.4,39783,192.168.1.1,53,udp,0.0,53,78,SF,False,True,0,Dd,1,81,1,106,DNS
1723133044.252862,C2WRc24NyABgMLlY4,192.168.1.4,45416,192.168.1.1,53,udp,0.0,53,78,SF,False,True,0,Dd,1,81,1,106,DNS
1723133045.128351,CjPhbtMs66ppJmpXl,192.168.1.4,53281,192.168.1.1,53,udp,0.0,53,78,SF,False,True,0,Dd,1,81,1,106,DNS
1723133044.865767,CduXE52NgwLb32mfq9,192.168.1.4,38962,142.251.111.97,443,udp,0.0,53,78,SF,False,True,0,Dd,1,81,1,106,HTTPS
1723133043.164232,CPKM3zIqFYjtDzNXl,192.168.1.4,57716,23.197.181.2,443,udp,0.0,53,78,SF,False,True,0,Dd,1,81,1,106,HTTPS
1723133044.737428,CSFmZpoeDA9kmpWg,192.168.1.4,53134,146.75.39.52,443,udp,0.0,53,78,SF,False,True,0,Dd,1,81,1,106,HTTPS
1723133044.358777,CTR794koIObgAa765,192.168.1.4,51273,192.168.1.1,53,udp,0.0,53,78,SF,False,True,0,Dd,1,81,1,106,DNS
1723133046.217807,CH6Zq12CAI4503lDlc,192.168.1.4,42702,192.168.1.1,53,udp,0.0,53,78,SF,False,True,0,Dd,1,81,1,106,DNS
1723133045.265234,CVftCv1zGNlPl0HVyb,192.168.1.4,60790,192.168.1.1,53,udp,0.0,53,78,SF,False,True,0,Dd,1,81,1,106,DNS
1723133044.832579,CaBo9qbLQCUjmACYf,192.168.1.4,54734,192.168.1.1,53,udp,0.0,53,78,SF,False,True,0,Dd,1,81,1,106,DNS
1723133043.808291,CtJP261mY7IOx6trYa,192.168.1.4,53745,192.168.1.1,53,udp,0.0,53,78,SF,False,True,0,Dd,1,81,1,106,DNS
1723133042.882097,CMYjUe2kh97u2vc4ae,192.168.1.4,53881,192.168.1.1,53,udp,0.0,53,78,SF,False,True,0,Dd,1,81,1,106,DNS
1723133042.860214,C9LLP7RfMvquDHn7f,192.168.1.4,34774,192.168.1.1,53,udp,0.0,53,78,SF,False,True,0,Dd,1,81,1,106,DNS
1723133036.078421,CDPWh93GIyhtko0Cw6,192.168.1.4,46804,13.107.6.158,443,udp,0.0,53,78,SF,False,True,0,Dd,1,81,1,106,HTTPS
1723133046.286228,CfkDWe3R8kJHvJGt7k,192.168.1.4,60103,192.168.1.1,53,udp,0.0,53,78,SF,False,True,0,Dd,1,81,1,106,DNS
1723133044.560873,CIR7Tq2gPdArxB6MI,192.168.1.4,45600,192.168.1.1,53,udp,0.0,53,78,SF,False,True,0,Dd,1,81,1,106,DNS
1723133044.561078,Cmzoab25DzgroKevB3,192.168.1.4,58716,192.168.1.1,53,udp,0.0,53,78,SF,False,True,0,Dd,1,81,1,106,DNS
1723133044.194052,CAsosF3aLvrKQQ02j2,192.168.1.4,40322,192.168.1.1,53,udp,0.0,53,78,SF,False,True,0,Dd,1,81,1,106,DNS
1723133045.43837,CKAM1G12RIpb1HYjU9,192.168.1.4,40149,192.168.1.1,53,udp,0.0,53,78,SF,False,True,0,Dd,1,81,1,106,DNS
1723133044.338354,CI3QFFwPKa1FeQdvi,192.168.1.4,52721,192.168.1.1,53,udp,0.0,53,78,SF,False,True,0,Dd,1,81,1,106,DNS
1723133044.693485,CsuueL3SQHXEImmYD2,192.168.1.4,42831,192.168.1.1,53,udp,0.0,53,78,SF,False,True,0,Dd,1,81,1,106,DNS
1723133036.25538,CePlUT1PiuB06YfdEh,192.168.1.4,49286,23.40.60.139,443,udp,0.0,53,78,SF,False,True,0,Dd,1,81,1,106,HTTPS
1723133044.471749,C5D4nZ2w2pm1Kt05kd,192.168.1.4,48889,192.168.1.1,53,udp,0.0,53,78,SF,False,True,0,Dd,1,81,1,106,DNS
1723133044.264053,CPRpTQoBXPZ0E25Q,192.168.1.4,42606,192.168.1.1,53,udp,0.0,53,78,SF,False,True,0,Dd,1,81,1,106,DNS
1723133042.765749,CZRXYb3FJa8Q1FO1D,192.168.1.4,48256,192.168.1.1,53,udp,0.0,53,78,SF,False,True,0,Dd,1,81,1,106,DNS
1723133045.421442,CUOjdj3IV9BK8xkXeh,192.168.1.4,47073,192.168.1.1,53,udp,0.0,53,78,SF,False,True,0,Dd,1,81,1,106,DNS
1723133044.643522,ClwECm4Fk718ALOolb,192.168.1.4,41178,23.61.25.82,443,udp,0.0,53,78,SF,False,True,0,Dd,1,81,1,106,HTTPS
1723133044.595684,Cu4RFvKkWwkLEd8j5,192.168.1.4,49062,192.168.1.1,53,udp,0.0,53,78,SF,False,True,0,Dd,1,81,1,106,DNS
1723133042.784813,CZ9yzx2pobCMOY44mh,192.168.1.4,52768,34.111.188.210,443,udp,0.0,53,78,SF,False,True,0,Dd,1,81,1,106,HTTPS
1723133043.339488,CE56W91iOWWwRLdnxl,192.168.1.4,44527,192.168.1.1,53,udp,0.0,53,78,SF,False,True,0,Dd,1,81,1,106,DNS
1723133044.572133,CrR4kaZlKCjHFfuW1,192.168.1.4,34374,68.67.160.132,443,udp,0.0,53,78,SF,False,True,0,Dd,1,81,1,106,HTTPS
1723133044.298381,CUE76822rzMsrSYruc,192.168.1.4,32918,68.67.160.184,443,udp,0.0,53,78,SF,False,True,0,Dd,1,81,1,106,HTTPS
1723133044.386699,C0Xe3R62LFj107uTa,192.168.1.4,60696,75.101.250.237,443,udp,0.0,53,78,SF,False,True,0,Dd,1,81,1,106,HTTPS
1723133045.666647,C56U8IFtAAFn7Qnig,192.168.1.4,37508,192.168.1.1,53,udp,0.0,53,78,SF,False,True,0,Dd,1,81,1,106,DNS
1723133044.390938,CjunWS2BQfsd9WGe1l,192.168.1.4,54745,192.168.1.1,53,udp,0.0,53,78,SF,False,True,0,Dd,1,81,1,106,DNS
1723133044.316419,CDr0rh4t6j61jeR8Z3,192.168.1.4,44156,23.197.180.217,443,udp,0.0,53,78,SF,False,True,0,Dd,1,81,1,106,HTTPS
1723133043.750953,CKimtm3a07zsLXoQz4,192.168.1.4,39578,192.168.1.1,53,udp,0.0,53,78,SF,False,True,0,Dd,1,81,1,106,DNS
1723133045.242479,CVTTBQ3u5WzTqX5wV6,192.168.1.4,43248,192.168.1.1,53,udp,0.0,53,78,SF,False,True,0,Dd,1,81,1,106,DNS
1723133036.060785,CsjTKlxPtlQwmatef,192.168.1.4,45402,13.107.42.16,443,udp,0.0,53,78,SF,False,True,0,Dd,1,81,1,106,HTTPS
1723133044.476326,CyYnKw147T1VQC9qyj,192.168.1.4,55877,192.168.1.1,53,udp,0.0,53,78,SF,False,True,0,Dd,1,81,1,106,DNS
1723133043.821965,C461k3GP3D5Szc2Nh,192.168.1.4,35224,146.75.29.44,443,udp,0.0,53,78,SF,False,True,0,Dd,1,81,1,106,HTTPS
1723133044.476425,C0lcnMs50WMxwqJUh,192.168.1.4,45500,192.168.1.1,53,udp,0.0,53,78,SF,False,True,0,Dd,1,81,1,106,DNS
1723133044.791088,Cy9Hvx329MxKNarfIg,192.168.1.4,37837,192.168.1.1,53,udp,0.0,53,78,SF,False,True,0,Dd,1,81,1,106,DNS
1723133044.264764,CqAemn3ZbZgJcwCsH5,192.168.1.4,45521,192.168.1.1,53,udp,0.0,53,78,SF,False,True,0,Dd,1,81,1,106,DNS
1723133042.900149,CuygoU1xJQwz4LkUck,192.168.1.4,54130,192.168.1.1,53,udp,0.0,53,78,SF,False,True,0,Dd,1,81,1,106,DNS
1723133044.573084,CazUVI2CBHfJDd3gd9,192.168.1.4,60253,192.168.1.1,53,udp,0.0,53,78,SF,False,True,0,Dd,1,81,1,106,DNS
1723133044.014673,Cvl6bs1OeL4INONVp5,192.168.1.4,52738,141.226.124.48,443,udp,0.0,53,78,SF,False,True,0,Dd,1,81,1,106,HTTPS
1723133036.035854,CnQbOQ2wJX3BMFIOjf,192.168.1.4,53638,192.168.1.1,53,udp,0.0,53,78,SF,False,True,0,Dd,1,81,1,106,DNS
1723133043.749233,Cxhx7y19nzE4j8Z8p7,192.168.1.4,37854,192.168.1.1,53,udp,0.0,53,78,SF,False,True,0,Dd,1,81,1,106,DNS
1723133044.317737,Chj1H12jSoG2aZPC8c,192.168.1.4,46640,34.200.65.202,443,udp,0.0,53,78,SF,False,True,0,Dd,1,81,1,106,HTTPS
1723133043.269759,C9Qmsy9cSZehjIJ54,192.168.1.4,57594,192.168.1.1,53,udp,0.0,53,78,SF,False,True,0,Dd,1,81,1,106,DNS
1723133044.476234,CBbSmr3lDUtDQ46T49,192.168.1.4,49660,192.168.1.1,53,udp,0.0,53,78,SF,False,True,0,Dd,1,81,1,106,DNS
1723133043.234888,CneIBy2E93GPiIdhOk,192.168.1.4,38948,142.251.111.97,443,udp,0.0,53,78,SF,False,True,0,Dd,1,81,1,106,HTTPS
1723133044.016766,CgWrQX33lna1xo7iKa,192.168.1.4,52772,141.226.124.48,443,udp,0.0,53,78,SF,False,True,0,Dd,1,81,1,106,HTTPS
1723133044.470165,CNR7sl3EjQerEzbGb6,192.168.1.4,58693,192.168.1.1,53,udp,0.0,53,78,SF,False,True,0,Dd,1,81,1,106,DNS
1723133043.948485,CY22g83Kb4dUeovo2b,192.168.1.4,35161,192.168.1.1,53,udp,0.0,53,78,SF,False,True,0,Dd,1,81,1,106,DNS
1723133043.749511,CaEboy4BinvzD4D1lc,192.168.1.4,33263,192.168.1.1,53,udp,0.0,53,78,SF,False,True,0,Dd,1,81,1,106,DNS
1723133044.329893,CH6PSn4wEuTpeXyi68,192.168.1.4,49832,172.67.27.26,443,udp,0.0,53,78,SF,False,True,0,Dd,1,81,1,106,HTTPS
1723133044.268694,C2Gn45dHqnesyHvS4,192.168.1.4,44595,192.168.1.1,53,udp,0.0,53,78,SF,False,True,0,Dd,1,81,1,106,DNS
1723133045.438431,CHMN0Y2JWYOHvxcidj,192.168.1.4,51158,192.168.1.1,53,udp,0.0,53,78,SF,False,True,0,Dd,1,81,1,106,DNS
1723133042.842054,Cn5Rrm1ONhSRtoXTZ2,192.168.1.4,56674,192.168.1.1,53,udp,0.0,53,78,SF,False,True,0,Dd,1,81,1,106,DNS
1723133042.89496,CUOjBh3Dt1Iw2C1hN4,192.168.1.4,35991,192.168.1.1,53,udp,0.0,53,78,SF,False,True,0,Dd,1,81,1,106,DNS
1723133044.068638,C5C8hv4fS9UBKgfyp5,192.168.1.4,60344,192.168.1.1,53,udp,0.0,53,78,SF,False,True,0,Dd,1,81,1,106,DNS
1723133044.247573,CvGabL2Z714KbolAK5,192.168.1.4,35541,192.168.1.1,53,udp,0.0,53,78,SF,False,True,0,Dd,1,81,1,106,DNS
1723133046.222954,CEcuj61xsQ70Wvb1Yj,192.168.1.4,47579,192.168.1.1,53,udp,0.0,53,78,SF,False,True,0,Dd,1,81,1,106,DNS
1723133044.761846,C6KHG31kRLSdFcGTB7,192.168.1.4,39840,23.51.228.133,443,udp,0.0,53,78,SF,False,True,0,Dd,1,81,1,106,HTTPS
1723133045.680936,CbnmOL3ElYlXB33Jc6,192.168.1.4,59898,192.168.1.1,53,udp,0.0,53,78,SF,False,True,0,Dd,1,81,1,106,DNS
1723133044.94891,CcqUih2F0jzR56fvMg,192.168.1.4,52380,192.168.1.1,53,udp,0.0,53,78,SF,False,True,0,Dd,1,81,1,106,DNS
1723133044.943917,CPowCX25062bCBujRd,192.168.1.4,34258,23.40.60.155,443,udp,0.0,53,78,SF,False,True,0,Dd,1,81,1,106,HTTPS
1723133043.238078,CqlVvX3zaGaC1KIEG5,192.168.1.4,54483,192.168.1.1,53,udp,0.0,53,78,SF,False,True,0,Dd,1,81,1,106,DNS
1723133045.131589,CSjKU2E00WjsJ1qb7,192.168.1.4,41365,192.168.1.1,53,udp,0.0,53,78,SF,False,True,0,Dd,1,81,1,106,DNS
1723133046.668536,Co5mwq2BRNyGoTVLP7,192.168.1.4,60564,192.168.1.1,53,udp,0.0,53,78,SF,False,True,0,Dd,1,81,1,106,DNS
1723133044.492494,CfH2Gc4kgCrkJOTi4j,192.168.1.4,44398,192.168.1.1,53,udp,0.0,53,78,SF,False,True,0,Dd,1,81,1,106,DNS
1723133044.322479,C4D8Fm3PbxPtMNnW5,192.168.1.4,40992,192.168.1.1,53,udp,0.0,53,78,SF,False,True,0,Dd,1,81,1,106,DNS
1723133042.761474,CLOoTVpxOyKTq0EGb,192.168.1.4,45753,192.168.1.1,53,udp,0.0,53,78,SF,False,True,0,Dd,1,81,1,106,DNS
1723133046.661819,CsYqPK3VHaaLoEceVg,192.168.1.4,44286,192.168.1.1,53,udp,0.0,53,78,SF,False,True,0,Dd,1,81,1,106,DNS
1723133044.232341,Ci1l5z3LjFuCNkWAsj,192.168.1.4,44703,192.168.1.1,53,udp,0.0,53,78,SF,False,True,0,Dd,1,81,1,106,DNS
1723133045.440649,C5ICns2JFaWfr92s5k,192.168.1.4,48402,54.159.100.45,443,udp,0.0,53,78,SF,False,True,0,Dd,1,81,1,106,HTTPS
1723133046.215266,CC9bCy2wsSJZPPJCal,192.168.1.4,43591,192.168.1.1,53,udp,0.0,53,78,SF,False,True,0,Dd,1,81,1,106,DNS
1723133042.881993,C6MXbl3RO0DN8UjBpa,192.168.1.4,60459,192.168.1.1,53,udp,0.0,53,78,SF,False,True,0,Dd,1,81,1,106,DNS
1723133044.274513,Ce9nIeKaZP0vUWVPh,192.168.1.4,38582,3.214.221.100,443,udp,0.0,53,78,SF,False,True,0,Dd,1,81,1,106,HTTPS
1723133046.197281,CovRM61foREmeawrh6,192.168.1.4,33034,74.119.117.4,443,udp,0.0,53,78,SF,False,True,0,Dd,1,81,1,106,HTTPS
1723133045.105352,Cedrch2E2SdnuP84Gl,192.168.1.4,53696,192.168.1.1,53,udp,0.0,53,78,SF,False,True,0,Dd,1,81,1,106,DNS
1723133046.215575,CKQ8mt3d3IEEDljxqj,192.168.1.4,40134,192.168.1.1,53,udp,0.0,53,78,SF,False,True,0,Dd,1,81,1,106,DNS
1723133044.839339,CRCLua4lbFDs7d7j12,192.168.1.4,34451,192.168.1.1,53,udp,0.0,53,78,SF,False,True,0,Dd,1,81,1,106,DNS
1723133042.900551,CHzg2cyqMYeVdGfqi,192.168.1.4,36098,192.168.1.1,53,udp,0.0,53,78,SF,False,True,0,Dd,1,81,1,106,DNS
1723133005.472446,CBIaa84aKo9CVmTKRa,192.168.1.4,48583,192.168.1.1,53,udp,0.0,53,78,SF,False,True,0,Dd,1,81,1,106,DNS
1723133044.132843,Ca4iFT26J6uMQFmdm5,192.168.1.4,60300,20.25.227.174,443,udp,0.0,53,78,SF,False,True,0,Dd,1,81,1,106,HTTPS
1723133044.049479,CCPe1Rft9lzABAXV2,192.168.1.4,43494,192.168.1.1,53,udp,0.0,53,78,SF,False,True,0,Dd,1,81,1,106,DNS
1723133043.97323,CxDwMy13tJzJCjWCmi,192.168.1.4,54022,3.166.195.154,443,udp,0.0,53,78,SF,False,True,0,Dd,1,81,1,106,HTTPS
1723133044.611524,C308sN18Ekeewir2Ci,192.168.1.4,35878,35.156.138.52,443,udp,0.0,53,78,SF,False,True,0,Dd,1,81,1,106,HTTPS
1723133044.338413,CwrrAt4DWmZyGRkhEe,192.168.1.4,41148,192.168.1.1,53,udp,0.0,53,78,SF,False,True,0,Dd,1,81,1,106,DNS
1723133046.173373,C91iQx1eXli9wcogEd,192.168.1.4,41107,192.168.1.1,53,udp,0.0,53,78,SF,False,True,0,Dd,1,81,1,106,DNS
1723133045.417991,C22uSyRN9sNNjLhab,192.168.1.4,38583,192.168.1.1,53,udp,0.0,53,78,SF,False,True,0,Dd,1,81,1,106,DNS
1723133042.850028,C9WDyM2AC3u8KdWYta,192.168.1.4,33727,192.168.1.1,53,udp,0.0,53,78,SF,False,True,0,Dd,1,81,1,106,DNS
1723133044.483952,CwwFrw4Vd2pqRpWria,192.168.1.4,33728,192.168.1.1,53,udp,0.0,53,78,SF,False,True,0,Dd,1,81,1,106,DNS
1723133043.339417,C6O5Or75bXG3Yx5t9,192.168.1.4,56603,192.168.1.1,53,udp,0.0,53,78,SF,False,True,0,Dd,1,81,1,106,DNS
1723133045.269283,C6KGlr1JQEAGkPk93f,192.168.1.4,42380,205.234.175.175,443,udp,0.0,53,78,SF,False,True,0,Dd,1,81,1,106,HTTPS
1723133045.679138,CBil7O3PHIGk5Lb3qb,192.168.1.4,38237,192.168.1.1,53,udp,0.0,53,78,SF,False,True,0,Dd,1,81,1,106,DNS
1723133043.05642,CYEbaE4pKAMPIV97D1,192.168.1.4,38764,192.168.1.1,53,udp,0.0,53,78,SF,False,True,0,Dd,1,81,1,106,DNS
1723133043.287068,CNtwlr1ZFEflxvbPwd,192.168.1.4,46942,34.207.50.14,443,udp,0.0,53,78,SF,False,True,0,Dd,1,81,1,106,HTTPS
1723133045.566762,CD8m1H30P5AbcXH7j1,192.168.1.4,42424,205.234.175.175,443,udp,0.0,53,78,SF,False,True,0,Dd,1,81,1,106,HTTPS
1723133044.925853,CJzJQM2HhZbNPgm3y,192.168.1.4,36680,192.168.1.1,53,udp,0.0,53,78,SF,False,True,0,Dd,1,81,1,106,DNS
1723133044.610809,CK9sOs3E91h8VJNOwb,192.168.1.4,54394,192.168.1.1,53,udp,0.0,53,78,SF,False,True,0,Dd,1,81,1,106,DNS
1723133044.47556,CzcNW323f2qAyNlaJi,192.168.1.4,48695,192.168.1.1,53,udp,0.0,53,78,SF,False,True,0,Dd,1,81,1,106,DNS
1723133044.189928,CE56W91iOWWwRLdnxl,192.168.1.4,44527,192.168.1.1,53,udp,0.0,53,78,SF,False,True,0,Dd,1,81,1,106,DNS
1723133043.998693,CUOEH737zjGzB9XL,192.168.1.4,34700,192.168.1.1,53,udp,0.0,53,78,SF,False,True,0,Dd,1,81,1,106,DNS
1723133044.349825,CPOMqI3ZULGtvbjjEc,192.168.1.4,38024,198.148.27.131,443,udp,0.0,53,78,SF,False,True,0,Dd,1,81,1,106,HTTPS
1723133045.104698,C6KGlr1JQEAGkPk93f,192.168.1.4,42380,205.234.175.175,443,udp,0.0,53,78,SF,False,True,0,Dd,1,81,1,106,HTTPS
1723133046.577163,CaoI36qlDUKRPMxZc,192.168.1.4,48999,192.168.1.1,53,udp,0.0,53,78,SF,False,True,0,Dd,1,81,1,106,DNS
1723133043.409258,CsQdww1gsUooYQn7Rh,192.168.1.4,40116,192.168.1.1,53,udp,0.0,53,78,SF,False,True,0,Dd,1,81,1,106,DNS
1723133044.380889,C2EGJh2gXpK0eFh9A7,192.168.1.4,40242,192.168.1.1,53,udp,0.0,53,78,SF,False,True,0,Dd,1,81,1,106,DNS
1723133043.457542,CXijOs10UxyaxN2JA8,192.168.1.4,40750,18.204.253.176,443,udp,0.0,53,78,SF,False,True,0,Dd,1,81,1,106,HTTPS
1723133044.259333,CSrx8f4nBE7w0TxC54,192.168.1.4,35588,192.168.1.1,53,udp,0.0,53,78,SF,False,True,0,Dd,1,81,1,106,DNS
1723132981.962154,CvWDYe3m3CDQ8WNhH9,192.168.1.4,53401,192.168.1.1,53,udp,0.0022251606,54,135,SF,True,True,0,Dd,1,82,1,163,DNS
1723133044.596478,C0rvXS1QlmEOqzZptf,192.168.1.4,52862,192.168.1.1,53,udp,0.0022251606,54,135,SF,True,True,0,Dd,1,82,1,163,DNS
1723133042.875491,C85cXl1MAi4Kg0xWCi,192.168.1.4,50234,192.168.1.1,53,udp,0.0022251606,54,135,SF,True,True,0,Dd,1,82,1,163,DNS
1723133044.515462,C1aG2f4aodMncJtpfl,192.168.1.4,54098,13.224.214.103,443,udp,0.0022251606,54,135,SF,True,True,0,Dd,1,82,1,163,HTTPS
1723133046.869299,CKv0SC271hYT1Z3qUj,192.168.1.4,57716,192.168.1.1,53,udp,0.0022251606,54,135,SF,True,True,0,Dd,1,82,1,163,DNS
1723133045.070635,CTQ0dc2AVjHbi4360e,192.168.1.4,35410,192.168.1.1,53,udp,0.0022251606,54,135,SF,True,True,0,Dd,1,82,1,163,DNS
1723133044.925943,CE0RLGStgW7UEBIV8,192.168.1.4,40564,192.168.1.1,53,udp,0.0022251606,54,135,SF,True,True,0,Dd,1,82,1,163,DNS
1723133043.472063,Cw0PG81tg6qYU8PEpl,192.168.1.4,54128,18.238.4.111,443,udp,0.0022251606,54,135,SF,True,True,0,Dd,1,82,1,163,HTTPS
1723133044.322538,Cqouha4C0CVQCGljcc,192.168.1.4,50182,192.168.1.1,53,udp,0.0022251606,54,135,SF,True,True,0,Dd,1,82,1,163,DNS
1723133044.476911,CFgU5J1V6RG92f5HC5,192.168.1.4,33910,192.168.1.1,53,udp,0.0022251606,54,135,SF,True,True,0,Dd,1,82,1,163,DNS
1723133044.464983,Cn61tl1W211KzEfWCc,192.168.1.4,39851,192.168.1.1,53,udp,0.0022251606,54,135,SF,True,True,0,Dd,1,82,1,163,DNS
1723133042.870988,CDwgs44J3SdJnPjzl1,192.168.1.4,56500,192.168.1.1,53,udp,0.0022251606,54,135,SF,True,True,0,Dd,1,82,1,163,DNS
1723133044.915443,Cg1Xe02GCFtytGzDj6,192.168.1.4,59430,74.121.140.211,443,udp,0.0022251606,54,135,SF,True,True,0,Dd,1,82,1,163,HTTPS
1723133045.172656,C5xua215IMgxs2N7l7,192.168.1.4,34260,23.40.60.155,443,udp,0.0022251606,54,135,SF,True,True,0,Dd,1,82,1,163,HTTPS
1723133046.137561,CtDTL42umwXBCsNP25,192.168.1.4,39664,13.107.253.40,443,udp,0.0022251606,54,135,SF,True,True,0,Dd,1,82,1,163,HTTPS
1723133044.11011,Cfj0Qt1wgf2hyocIAc,192.168.1.4,56028,34.107.254.252,443,udp,0.0022251606,54,135,SF,True,True,0,Dd,1,82,1,163,HTTPS
1723133043.238844,CHKe371km8bFz1xrt9,192.168.1.4,42891,192.168.1.1,53,udp,0.0022251606,54,135,SF,True,True,0,Dd,1,82,1,163,DNS
1723133044.225871,CANeLz1XtSsI35xUS3,192.168.1.4,55168,192.168.1.1,53,udp,0.0022251606,54,135,SF,True,True,0,Dd,1,82,1,163,DNS
1723133043.749777,CbbBNcKgwTREJiO56,192.168.1.4,52371,192.168.1.1,53,udp,0.0022251606,54,135,SF,True,True,0,Dd,1,82,1,163,DNS
1723133042.894836,CAgNPx3jMLSQirBfda,192.168.1.4,33349,192.168.1.1,53,udp,0.0022251606,54,135,SF,True,True,0,Dd,1,82,1,163,DNS
1723133044.822438,CLUCEbBHdVUg5N1th,192.168.1.4,55075,192.168.1.1,53,udp,0.0022251606,54,135,SF,True,True,0,Dd,1,82,1,163,DNS
1723133045.433496,Cz5LW9lMKFts8Klzi,192.168.1.4,60151,192.168.1.1,53,udp,0.0022251606,54,135,SF,True,True,0,Dd,1,82,1,163,DNS
1723133043.780946,CqhJ3H2SJ8UwZJ1KFe,192.168.1.4,34228,18.238.4.71,443,udp,0.0022251606,54,135,SF,True,True,0,Dd,1,82,1,163,HTTPS
1723133044.559616,CTea402nzwSSAVjov6,192.168.1.4,57411,192.168.1.1,53,udp,0.0022251606,54,135,SF,True,True,0,Dd,1,82,1,163,DNS
1723133044.81969,CiXpbr1y68Dogxfuk6,192.168.1.4,52526,192.168.1.1,53,udp,0.0022251606,54,135,SF,True,True,0,Dd,1,82,1,163,DNS
1723133040.101709,CqxAqrTGHSYrCT4V1,192.168.1.4,42166,192.168.1.1,53,udp,0.0022251606,54,135,SF,True,True,0,Dd,1,82,1,163,DNS
1723133044.009551,CFtwdb1QdOIa6VEv0h,192.168.1.4,35396,142.251.111.155,443,udp,0.0022251606,54,135,SF,True,True,0,Dd,1,82,1,163,HTTPS
1723133044.41447,CE7T6r2ysgam67zL95,192.168.1.4,35216,192.168.1.1,53,udp,0.0022251606,54,135,SF,True,True,0,Dd,1,82,1,163,DNS
1723133042.902048,CUR1jn3Hz60AiiOnZ2,192.168.1.4,51904,146.75.38.133,443,udp,0.0022251606,54,135,SF,True,True,0,Dd,1,82,1,163,HTTPS
1723133042.900708,CUKLow11KknoUZ6WOa,192.168.1.4,56059,192.168.1.1,53,udp,0.0022251606,54,135,SF,True,True,0,Dd,1,82,1,163,DNS
1723133044.626998,CDjPu91RuqKnVdxGaj,192.168.1.4,36518,23.51.95.117,443,udp,0.0022251606,54,135,SF,True,True,0,Dd,1,82,1,163,HTTPS
1723133044.453149,CwXILR8jifb77J9ka,192.168.1.4,53979,192.168.1.1,53,udp,0.0022251606,54,135,SF,True,True,0,Dd,1,82,1,163,DNS
1723133044.832649,CVLoZn3DrcALrFXyM8,192.168.1.4,51614,192.168.1.1,53,udp,0.0022251606,54,135,SF,True,True,0,Dd,1,82,1,163,DNS
1723133046.668653,CPbOsBecngh9AGO0f,192.168.1.4,58025,192.168.1.1,53,udp,0.0022251606,54,135,SF,True,True,0,Dd,1,82,1,163,DNS
1723133044.273818,CXZC5f45KsN6p2yUCj,192.168.1.4,32912,68.67.160.184,443,udp,0.0022251606,54,135,SF,True,True,0,Dd,1,82,1,163,HTTPS
1723133044.987528,CyfbVv2PL2RNFUCMWl,192.168.1.4,44148,192.229.211.108,80,udp,0.0022251606,54,135,SF,True,True,0,Dd,1,82,1,163,HTTP
1723133046.664363,CAwdUz26hsYmcKq0M,192.168.1.4,43847,192.168.1.1,53,udp,0.0022251606,54,135,SF,True,True,0,Dd,1,82,1,163,DNS
1723133042.867545,CjykaX3U1cFJ3ogj7b,192.168.1.4,56952,104.18.28.127,443,udp,0.0022251606,54,135,SF,True,True,0,Dd,1,82,1,163,HTTPS
1723133044.789555,C6KHG31kRLSdFcGTB7,192.168.1.4,39840,23.51.228.133,443,udp,0.0,54,135,SF,False,True,0,Dd,1,82,1,163,HTTPS
1723133044.580478,C2TQZGBIZX8839Jc,192.168.1.4,60400,69.173.146.5,443,udp,0.0,54,135,SF,False,True,0,Dd,1,82,1,163,HTTPS
1723133036.027568,CFb2WOtDsuIQkSOa9,192.168.1.4,54854,192.168.1.1,53,udp,0.0,54,135,SF,False,True,0,Dd,1,82,1,163,DNS
1723133031.072078,ClCfDn48iYZxCvTp73,192.168.1.4,36057,192.168.1.1,53,udp,0.0,54,135,SF,False,True,0,Dd,1,82,1,163,DNS
1723133043.145237,CfJaae11qyEYR8nGo8,192.168.1.4,60740,192.168.1.1,53,udp,0.0,54,135,SF,False,True,0,Dd,1,82,1,163,DNS
1723133043.244359,CzQBv02v4slEiJDdT2,192.168.1.4,35206,146.75.29.44,443,udp,0.0,54,135,SF,False,True,0,Dd,1,82,1,163,HTTPS
1723133044.62872,CdrqDmFlJoTBaUWcc,192.168.1.4,43690,192.168.1.1,53,udp,0.0,54,135,SF,False,True,0,Dd,1,82,1,163,DNS
1723133044.948844,CY1NMa2MxZPOQLHabe,192.168.1.4,47294,192.168.1.1,53,udp,0.0,54,135,SF,False,True,0,Dd,1,82,1,163,DNS
1723133044.418401,C4Vbnu2PIsgX0iEmOi,192.168.1.4,50840,192.168.1.1,53,udp,0.0,54,135,SF,False,True,0,Dd,1,82,1,163,DNS
1723133043.145121,C7dXfL1V5mo5TLucdb,192.168.1.4,54621,192.168.1.1,53,udp,0.0,54,135,SF,False,True,0,Dd,1,82,1,163,DNS
1723133044.604009,C7xOaCmxqKRZui0Bh,192.168.1.4,33589,192.168.1.1,53,udp,0.0,54,135,SF,False,True,0,Dd,1,82,1,163,DNS
1723133042.804009,CV8Ozm4uZ01mQOCW6h,192.168.1.4,55868,192.168.1.1,53,udp,0.0,54,135,SF,False,True,0,Dd,1,82,1,163,DNS
1723133044.740204,CaUEpa13Sof3KrZtak,192.168.1.4,39021,192.168.1.1,53,udp,0.0,54,135,SF,False,True,0,Dd,1,82,1,163,DNS
1723132981.962067,C0r3Lzx1FGzcAAYUe,192.168.1.4,54263,192.168.1.1,53,udp,0.000546217,53,78,SF,True,True,0,Dd,1,81,1,106,DNS
1723133044.562955,CsjkHFTLsGoSTEJ6a,192.168.1.4,50852,192.168.1.1,53,udp,0.000546217,53,78,SF,True,True,0,Dd,1,81,1,106,DNS
1723133044.689507,CKONLV2wrfIEtdi9H3,192.168.1.4,38874,192.168.1.1,53,udp,0.000546217,53,78,SF,True,True,0,Dd,1,81,1,106,DNS
1723133044.088325,CGPPkj2EPXp1EmMDTa,192.168.1.4,57502,172.253.115.132,443,udp,0.000546217,53,78,SF,True,True,0,Dd,1,81,1,106,HTTPS
1723133043.137716,CR9iuDAXR6e8Z1b48,192.168.1.4,51073,192.168.1.1,53,udp,0.000546217,53,78,SF,True,True,0,Dd,1,81,1,106,DNS
1723133043.782968,CzBw9O1MfnVw0xJFd4,192.168.1.4,54602,192.168.1.1,53,udp,0.000546217,53,78,SF,True,True,0,Dd,1,81,1,106,DNS
1723133043.749952,CedTMa4vvAAgR3utxa,192.168.1.4,41808,192.168.1.1,53,udp,0.000546217,53,78,SF,True,True,0,Dd,1,81,1,106,DNS
1723133043.161382,C4DVkA4CLe9Sd4j2c6,192.168.1.4,38873,192.168.1.1,53,udp,0.000546217,53,78,SF,True,True,0,Dd,1,81,1,106,DNS
1723133044.319838,C874jA4QHwpBAYhNcj,192.168.1.4,51790,192.168.1.1,53,udp,0.000546217,53,78,SF,True,True,0,Dd,1,81,1,106,DNS
1723133044.398805,Ckfawr4spEx3Sb6tTa,192.168.1.4,55179,192.168.1.1,53,udp,0.000546217,53,78,SF,True,True,0,Dd,1,81,1,106,DNS
1723133036.035406,CQKbZ81a8ymyuApXi8,192.168.1.4,60940,192.168.1.1,53,udp,0.000546217,53,78,SF,True,True,0,Dd,1,81,1,106,DNS
1723133046.575095,CG4avCrrxQ5ZGYBj4,192.168.1.4,39522,192.168.1.1,53,udp,0.000546217,53,78,SF,True,True,0,Dd,1,81,1,106,DNS
1723133043.866709,C9S4SW2fuL4rkS6ps8,192.168.1.4,36489,192.168.1.1,53,udp,0.000546217,53,78,SF,True,True,0,Dd,1,81,1,106,DNS
1723133044.283791,CwiW2zfhtqfSkzkdk,192.168.1.4,39210,34.120.63.153,443,udp,0.000546217,53,78,SF,True,True,0,Dd,1,81,1,106,HTTPS
1723133044.443122,COnSvp1VpBtepRGZtk,192.168.1.4,44156,23.105.12.170,443,udp,0.000546217,53,78,SF,True,True,0,Dd,1,81,1,106,HTTPS
1723133044.549683,CYeYWB368nBTiNsCri,192.168.1.4,41748,35.186.194.101,443,udp,0.000546217,53,78,SF,True,True,0,Dd,1,81,1,106,HTTPS
1723133042.941432,CTmjq44KPeQ0mTxN8,192.168.1.4,54598,192.168.1.1,53,udp,0.000546217,53,78,SF,True,True,0,Dd,1,81,1,106,DNS
1723133044.847478,CvEJcH3pFtqom2O7Ze,192.168.1.4,47232,192.168.1.1,53,udp,0.000546217,53,78,SF,True,True,0,Dd,1,81,1,106,DNS
1723133044.085699,CMf7R31yzhUjp6ERmk,192.168.1.4,47010,192.168.1.1,53,udp,0.000546217,53,78,SF,True,True,0,Dd,1,81,1,106,DNS
1723133044.394942,CKlTwj3qtkVUQJ85ed,192.168.1.4,46882,192.168.1.1,53,udp,0.000546217,53,78,SF,True,True,0,Dd,1,81,1,106,DNS
1723133044.581223,CFAfXEQIb4eZik7Od,192.168.1.4,46664,34.200.65.202,443,udp,0.000546217,53,78,SF,True,True,0,Dd,1,81,1,106,HTTPS
1723133042.890731,Cqrf7vbARnHMfcASd,192.168.1.4,47223,192.168.1.1,53,udp,0.000546217,53,78,SF,True,True,0,Dd,1,81,1,106,DNS
1723132981.549588,C0W7pj2yMqgfm0GEI3,144.80.70.54,63436,192.168.1.4,22,udp,0.000546217,53,78,SF,True,True,0,Dd,1,81,1,106,SSH
1723133044.082725,C5uxJTUb7UYSiFKkd,192.168.1.4,56016,34.107.254.252,443,udp,0.000546217,53,78,SF,True,True,0,Dd,1,81,1,106,HTTPS
1723133044.907605,C3FL0k48YiyA8wz0Z7,192.168.1.4,40868,35.201.102.86,443,udp,0.000546217,53,78,SF,True,True,0,Dd,1,81,1,106,HTTPS
1723133044.820541,C0c3fX1Tpdl754Y918,192.168.1.4,55875,192.168.1.1,53,udp,0.000546217,53,78,SF,True,True,0,Dd,1,81,1,106,DNS
1723133044.627498,CR9JuG1Tu9qdzpyOfj,192.168.1.4,36502,23.51.95.117,443,udp,0.000546217,53,78,SF,True,True,0,Dd,1,81,1,106,HTTPS
1723133046.227029,CFX8ZFlcdT6XymoFl,192.168.1.4,51124,64.233.180.149,443,udp,0.000546217,53,78,SF,True,True,0,Dd,1,81,1,106,HTTPS
1723133044.860834,Cy2lkF4RyRgcFfv7M7,192.168.1.4,47409,192.168.1.1,53,udp,0.000546217,53,78,SF,True,True,0,Dd,1,81,1,106,DNS
1723133044.257202,CwXY0w3reVhoLnRvdg,192.168.1.4,42262,192.168.1.1,53,udp,0.000546217,53,78,SF,True,True,0,Dd,1,81,1,106,DNS
1723133046.575161,CjtcQu2HGyZSN3ymGl,192.168.1.4,39968,192.168.1.1,53,udp,0.000546217,53,78,SF,True,True,0,Dd,1,81,1,106,DNS
1723133044.857072,CG77s01yHrjbbbGZuj,192.168.1.4,57674,192.132.33.69,443,udp,0.000546217,53,78,SF,True,True,0,Dd,1,81,1,106,HTTPS
1723133043.78331,CQ0ZEm2GYOlLjcZm5c,192.168.1.4,54070,192.168.1.1,53,udp,0.000546217,53,78,SF,True,True,0,Dd,1,81,1,106,DNS
1723133044.571743,C0xw182ziSdBpnMYCe,192.168.1.4,47750,23.205.56.163,443,udp,0.000546217,53,78,SF,True,True,0,Dd,1,81,1,106,HTTPS
1723133043.210952,C6rquU18tNpwkxEBji,192.168.1.4,45496,18.238.8.227,443,udp,0.000546217,53,78,SF,True,True,0,Dd,1,81,1,106,HTTPS
1723133044.581076,Cs0fXp2J7yHwEO15Gk,192.168.1.4,46652,34.200.65.202,443,udp,0.000546217,53,78,SF,True,True,0,Dd,1,81,1,106,HTTPS
1723133036.117603,CZTGaH3Hgg31PvZiLk,192.168.1.4,48592,23.101.168.44,443,udp,0.0,53,78,SF,False,True,0,Dd,1,81,1,106,HTTPS
1723133044.515669,CMezQF28e889z7Sns3,192.168.1.4,36958,34.202.70.248,443,udp,0.0,53,78,SF,False,True,0,Dd,1,81,1,106,HTTPS
1723133044.259396,CgKhzJ32Qs9ctlnt43,192.168.1.4,37044,192.168.1.1,53,udp,0.0,53,78,SF,False,True,0,Dd,1,81,1,106,DNS
1723133005.472446,CBIaa84aKo9CVmTKRa,192.168.1.4,48583,192.168.1.1,53,udp,0.0006179810000000001,58,394,SF,True,True,0,Dd,1,86,1,422,DNS
1723133036.069309,CXiOfYEIVSrNcATJe,192.168.1.4,46307,192.168.1.1,53,udp,0.0006179810000000001,58,394,SF,True,True,0,Dd,1,86,1,422,DNS
1723133045.212701,CgCdb83NhVRtZg1dP8,192.168.1.4,41245,192.168.1.1,53,udp,0.0006179810000000001,58,394,SF,True,True,0,Dd,1,86,1,422,DNS
1723133036.10717,CjT0U21RmVOndtq1l4,192.168.1.4,50294,151.101.129.91,443,udp,0.0006179810000000001,58,394,SF,True,True,0,Dd,1,86,1,422,HTTPS
1723133044.616427,CJugEy2nZ6xyp9RU3l,192.168.1.4,56936,34.234.72.128,443,udp,0.0006179810000000001,58,394,SF,True,True,0,Dd,1,86,1,422,HTTPS
1723133044.3554,CWpP8u2FZzEY1YU4J2,192.168.1.4,58592,192.168.1.1,53,udp,0.0006179810000000001,58,394,SF,True,True,0,Dd,1,86,1,422,DNS
1723133044.269097,CpK1h93pbyeODzRCC4,192.168.1.4,33057,192.168.1.1,53,udp,0.0006179810000000001,58,394,SF,True,True,0,Dd,1,86,1,422,DNS
1723133036.049651,CGes924AgjTBhI36x8,192.168.1.4,40210,192.168.1.1,53,udp,0.0006179810000000001,58,394,SF,True,True,0,Dd,1,86,1,422,DNS
1723133046.217697,C17Xw8utpfSdRBnn9,192.168.1.4,36561,192.168.1.1,53,udp,0.0006179810000000001,58,394,SF,True,True,0,Dd,1,86,1,422,DNS
1723133044.48075,CWxpH635lrf8vo9AOk,192.168.1.4,57408,192.168.1.1,53,udp,0.0006179810000000001,58,394,SF,True,True,0,Dd,1,86,1,422,DNS
1723133045.171164,Cto4Bl4Idsi7uIZgW2,192.168.1.4,34242,23.40.60.155,443,udp,0.0006179810000000001,58,394,SF,True,True,0,Dd,1,86,1,422,HTTPS
1723133046.577102,CG1bS31oWdwciEgYr8,192.168.1.4,56713,192.168.1.1,53,udp,0.0006179810000000001,58,394,SF,True,True,0,Dd,1,86,1,422,DNS
1723133044.21324,CAq7Vp4VClqQ0e3C39,192.168.1.4,40459,192.168.1.1,53,udp,0.0006179810000000001,58,394,SF,True,True,0,Dd,1,86,1,422,DNS
1723133044.063131,CGiwrz1aF3FeeNw5n,192.168.1.4,48954,192.168.1.1,53,udp,0.0006179810000000001,58,394,SF,True,True,0,Dd,1,86,1,422,DNS
1723133044.823168,CfdnyHgjFzQFeAMf,192.168.1.4,48756,3.5.0.160,443,udp,0.0006179810000000001,58,394,SF,True,True,0,Dd,1,86,1,422,HTTPS
1723132982.468112,CGJL7D3oOiwb7jrSgc,192.168.1.4,37740,192.168.1.1,53,udp,0.0005950928,53,78,SF,True,True,0,Dd,1,81,1,106,DNS
1723133044.0629,CnY8YbOJS8Hlh91li,192.168.1.4,60416,192.168.1.1,53,udp,0.0005950928,53,78,SF,True,True,0,Dd,1,81,1,106,DNS
1723133042.852996,CCtGgx240vXBJyd7e1,192.168.1.4,50451,192.168.1.1,53,udp,0.0005950928,53,78,SF,True,True,0,Dd,1,81,1,106,DNS
1723133044.045718,CgWrQX33lna1xo7iKa,192.168.1.4,52772,141.226.124.48,443,udp,0.0,53,78,SF,False,True,0,Dd,1,81,1,106,HTTPS
1723133044.542464,CSU0gZ3iU5sOp2cb7h,192.168.1.4,51348,44.198.130.119,443,udp,0.0,53,78,SF,False,True,0,Dd,1,81,1,106,HTTPS
1723133044.610749,CFAsOw49kG6UyaX98,192.168.1.4,47066,192.168.1.1,53,udp,0.0,53,78,SF,False,True,0,Dd,1,81,1,106,DNS
1723133042.761408,CxbpfG3OkWyxRD1saj,192.168.1.4,36762,192.168.1.1,53,udp,0.0,53,78,SF,False,True,0,Dd,1,81,1,106,DNS
1723133043.947528,CMcNCF3n4Lh9vMLS26,192.168.1.4,55957,192.168.1.1,53,udp,0.0,53,78,SF,False,True,0,Dd,1,81,1,106,DNS
1723133045.237615,CXuPZC2HVYCytezk71,192.168.1.4,55176,63.140.39.72,443,udp,0.0,53,78,SF,False,True,0,Dd,1,81,1,106,HTTPS
1723133044.36257,Cif1oK2XqDOTSzWNn,192.168.1.4,38711,192.168.1.1,53,udp,0.0,53,78,SF,False,True,0,Dd,1,81,1,106,DNS
1723133043.807047,C1RsPv4aUnbapof9xi,192.168.1.4,55584,142.251.179.102,443,udp,0.0,53,78,SF,False,True,0,Dd,1,81,1,106,HTTPS
1723133042.919812,CS08vZtQmN8kxWLt9,192.168.1.4,56566,192.168.1.1,53,udp,0.0,53,78,SF,False,True,0,Dd,1,81,1,106,DNS
1723133036.082269,CcsqJE1wKgej4l4W4g,192.168.1.4,36812,204.79.197.239,443,udp,0.0,53,78,SF,False,True,0,Dd,1,81,1,106,HTTPS
1723133044.791014,CsKdw21G3LbRF4e7Fh,192.168.1.4,60764,192.168.1.1,53,udp,0.0,53,78,SF,False,True,0,Dd,1,81,1,106,DNS
1723133045.19045,CjOcXf25U8TkoLamI9,192.168.1.4,47682,192.168.1.1,53,udp,0.0,53,78,SF,False,True,0,Dd,1,81,1,106,DNS
1723133046.281946,CfuVHx2ArKR49VVvHg,192.168.1.4,46836,3.90.74.128,443,udp,0.0,53,78,SF,False,True,0,Dd,1,81,1,106,HTTPS
1723133046.417238,C5GYeG2z1uWbcNQgsa,192.168.1.4,50790,192.168.1.1,53,udp,0.0,53,78,SF,False,True,0,Dd,1,81,1,106,DNS
1723133044.589139,C0drFE2gax7LBKmV3a,192.168.1.4,54820,34.36.216.150,443,udp,0.0,53,78,SF,False,True,0,Dd,1,81,1,106,HTTPS
1723133045.118577,CI4twV1q1IrKi9gB3h,192.168.1.4,51572,192.168.1.1,53,udp,0.0,53,78,SF,False,True,0,Dd,1,81,1,106,DNS
1723133044.596028,CCeoDF32SEZ9WvWt97,192.168.1.4,48052,192.168.1.1,53,udp,0.0,53,78,SF,False,True,0,Dd,1,81,1,106,DNS
1723133044.043649,CtuWBHu9JKiId2Z4a,192.168.1.4,52770,141.226.124.48,443,udp,0.0,53,78,SF,False,True,0,Dd,1,81,1,106,HTTPS
1723133044.716108,CndDxkcJYvW1gWTU7,192.168.1.4,49222,168.119.72.236,443,udp,0.0,53,78,SF,False,True,0,Dd,1,81,1,106,HTTPS
1723133044.515943,CsqRFQ2k9DRRppwNoe,192.168.1.4,36956,34.202.70.248,443,udp,0.0,53,78,SF,False,True,0,Dd,1,81,1,106,HTTPS
1723133044.610482,CS1Gb44MqzUcgtVcp6,192.168.1.4,51513,192.168.1.1,53,udp,0.0,53,78,SF,False,True,0,Dd,1,81,1,106,DNS
1723133043.161504,C77zUV1sQLAOvrCMQl,192.168.1.4,45627,192.168.1.1,53,udp,0.0,53,78,SF,False,True,0,Dd,1,81,1,106,DNS
1723133044.13362,CHijc94yX0ixVQocrl,192.168.1.4,58094,192.168.1.1,53,udp,0.0,53,78,SF,False,True,0,Dd,1,81,1,106,DNS
1723133044.88766,C7bzI24sOpC1YT4iej,192.168.1.4,33945,192.168.1.1,53,udp,0.0,53,78,SF,False,True,0,Dd,1,81,1,106,DNS
1723133046.202201,CnUjSI3uUrBPR86tvg,192.168.1.4,33477,192.168.1.1,53,udp,0.0,53,78,SF,False,True,0,Dd,1,81,1,106,DNS
1723133030.216532,CRxqpj2FgclV10VgT4,144.80.70.54,63456,192.168.1.4,22,udp,0.0,53,78,SF,False,True,0,Dd,1,81,1,106,SSH
1723133044.283382,CXUerG1paVN2TnyNTd,192.168.1.4,46228,74.119.117.6,443,udp,0.0,53,78,SF,False,True,0,Dd,1,81,1,106,HTTPS
1723133044.547628,C9QfXF35p4PAbPvgk2,192.168.1.4,54633,192.168.1.1,53,udp,0.0,53,78,SF,False,True,0,Dd,1,81,1,106,DNS
1723133046.5818,CkJVYCtTnBNvdl7ig,192.168.1.4,47954,192.168.1.1,53,udp,0.0,53,78,SF,False,True,0,Dd,1,81,1,106,DNS
1723133042.896456,C0m4zh1b2C4e82okBg,192.168.1.4,34139,192.168.1.1,53,udp,0.0,53,78,SF,False,True,0,Dd,1,81,1,106,DNS
1723133046.173482,CakG1l1ndKA0TaJMP9,192.168.1.4,34424,192.168.1.1,53,udp,0.0,53,78,SF,False,True,0,Dd,1,81,1,106,DNS
1723133043.980572,CurRIS2ajpmhdHTFHh,192.168.1.4,53162,192.168.1.1,53,udp,0.0,53,78,SF,False,True,0,Dd,1,81,1,106,DNS
1723133044.476631,CU2DPm4HJg9fzzZqAl,192.168.1.4,39598,192.168.1.1,53,udp,0.0,53,78,SF,False,True,0,Dd,1,81,1,106,DNS
1723133043.947601,CwwBoV2j7EPuqIcS6i,192.168.1.4,55083,192.168.1.1,53,udp,0.0,53,78,SF,False,True,0,Dd,1,81,1,106,DNS
1723133043.000169,CqGDim4GWspJfqZnxg,192.168.1.4,38149,192.168.1.1,53,udp,0.0,53,78,SF,False,True,0,Dd,1,81,1,106,DNS
1723133044.593769,Cu5BIs3eRDiNqdz7af,192.168.1.4,60478,192.168.1.1,53,udp,0.0,53,78,SF,False,True,0,Dd,1,81,1,106,DNS
1723133044.47652,CzVLff2mTqY9fS34ef,192.168.1.4,58884,192.168.1.1,53,udp,0.0,53,78,SF,False,True,0,Dd,1,81,1,106,DNS
1723133045.244012,CBi00v1bdtcHjfF02e,192.168.1.4,39087,192.168.1.1,53,udp,0.0,53,78,SF,False,True,0,Dd,1,81,1,106,DNS
1723133046.781571,C0DMzC1mGTDcJbEkF7,192.168.1.4,48015,192.168.1.1,53,udp,0.0,53,78,SF,False,True,0,Dd,1,81,1,106,DNS
1723133043.754901,CarAlr1PwFPVl15ZGj,192.168.1.4,57966,192.168.1.1,53,udp,0.0,53,78,SF,False,True,0,Dd,1,81,1,106,DNS
1723133019.519998,C1tXp42WGUkOQNAdjh,192.168.1.4,40122,192.168.1.1,53,udp,0.0005378723,53,78,SF,True,True,0,Dd,1,81,1,106,DNS
1723133038.211406,Cqujbl2ldiARc4tvl7,192.168.1.4,46173,192.168.1.1,53,udp,0.0005378723,53,78,SF,True,True,0,Dd,1,81,1,106,DNS
1723133044.267124,CnY87r3HyrrB9NpyQ8,192.168.1.4,41336,69.173.146.10,443,udp,0.0005378723,53,78,SF,True,True,0,Dd,1,81,1,106,HTTPS
1723133036.035928,CpavAl1W3dhWDfs9pa,192.168.1.4,54402,192.168.1.1,53,udp,0.0005378723,53,78,SF,True,True,0,Dd,1,81,1,106,DNS
1723133019.519998,C1tXp42WGUkOQNAdjh,192.168.1.4,40122,192.168.1.1,53,udp,0.0005378723,53,78,SF,True,True,0,Dd,1,81,1,106,DNS
1723133046.811292,CidHOW2KCYmw6Q0DWb,192.168.1.4,37582,146.75.30.49,443,udp,0.0,53,78,SF,False,True,0,Dd,1,81,1,106,HTTPS
1723132982.046406,CgxeXC1N9Y1gbv1Vsb,144.80.70.54,63437,192.168.1.4,22,udp,0.0,53,78,SF,False,True,0,Dd,1,81,1,106,SSH
1723133044.409236,CsAPZh3eTq2KRRu3Kk,192.168.1.4,55634,192.168.1.1,53,udp,0.0,53,78,SF,False,True,0,Dd,1,81,1,106,DNS
1723133044.390123,ChP8be3ZrxLQ3Hdwul,192.168.1.4,37839,192.168.1.1,53,udp,0.0,53,78,SF,False,True,0,Dd,1,81,1,106,DNS
1723133045.190522,CzcbEc1BXOu0H7uj7g,192.168.1.4,35351,192.168.1.1,53,udp,0.0,53,78,SF,False,True,0,Dd,1,81,1,106,DNS
1723133044.322726,ClstUD2gtfdJnrgA9,192.168.1.4,32796,8.28.7.82,443,udp,0.0,53,78,SF,False,True,0,Dd,1,81,1,106,HTTPS
1723133044.257911,CjYvgs3mR9wvrrf9q6,192.168.1.4,38686,192.168.1.1,53,udp,0.0,53,78,SF,False,True,0,Dd,1,81,1,106,DNS
1723133044.269694,CpA2qu1YF7pqfQ4znd,192.168.1.4,34674,192.168.1.1,53,udp,0.0,53,78,SF,False,True,0,Dd,1,81,1,106,DNS
1723133044.390179,CvXRMPPpZm4rZrc9c,192.168.1.4,57347,192.168.1.1,53,udp,0.0,53,78,SF,False,True,0,Dd,1,81,1,106,DNS
1723133042.786265,CY6NGU2bGu8QgQ96Cl,192.168.1.4,59642,192.168.1.1,53,udp,0.0,53,78,SF,False,True,0,Dd,1,81,1,106,DNS
1723133045.868925,CnVrtQbHEi4cNyFS4,192.168.1.4,51254,192.168.1.1,53,udp,0.0,53,78,SF,False,True,0,Dd,1,81,1,106,DNS
1723133044.56286,ChUwqD2gzoZ2Mvc7b8,192.168.1.4,33390,192.168.1.1,53,udp,0.0,53,78,SF,False,True,0,Dd,1,81,1,106,DNS
1723133042.86899,C0391A1mFHB3l5fPQ7,192.168.1.4,37987,192.168.1.1,53,udp,0.0,53,78,SF,False,True,0,Dd,1,81,1,106,DNS
1723133046.896183,C8FmKED7PgbfCb7L7,192.168.1.4,60550,192.168.1.1,53,udp,0.0,53,78,SF,False,True,0,Dd,1,81,1,106,DNS
1723133046.248858,CLO1Cn2ZQ72RNgeYec,192.168.1.4,48159,192.168.1.1,53,udp,0.0,53,78,SF,False,True,0,Dd,1,81,1,106,DNS
1723133044.550568,Ck3pL61zjWZt65iqF6,192.168.1.4,56283,192.168.1.1,53,udp,0.0,53,78,SF,False,True,0,Dd,1,81,1,106,DNS
1723133043.803162,CgzDBe2PUPmXsrYrS5,192.168.1.4,51343,192.168.1.1,53,udp,0.0,53,78,SF,False,True,0,Dd,1,81,1,106,DNS
1723133044.973543,CBte4J2ECdv8MMW9ad,192.168.1.4,46273,192.168.1.1,53,udp,0.0,53,78,SF,False,True,0,Dd,1,81,1,106,DNS
1723133046.215332,CfMont1CAzgpHiIng6,192.168.1.4,57710,192.168.1.1,53,udp,0.0,53,78,SF,False,True,0,Dd,1,81,1,106,DNS
1723133043.790985,CzRVIu4aaqcK3pQiel,192.168.1.4,56637,192.168.1.1,53,udp,0.0,53,78,SF,False,True,0,Dd,1,81,1,106,DNS
1723133044.496535,C85BQ83Jwk74UWOmke,192.168.1.4,54808,192.168.1.1,53,udp,0.0,53,78,SF,False,True,0,Dd,1,81,1,106,DNS
1723133045.176812,CXt5jW270hYn3V1hsl,192.168.1.4,50330,35.190.23.39,443,udp,0.0,53,78,SF,False,True,0,Dd,1,81,1,106,HTTPS
1723133044.869146,Cir8Ux4mq7b6ViL6zl,192.168.1.4,33667,192.168.1.1,53,udp,0.0,53,78,SF,False,True,0,Dd,1,81,1,106,DNS
1723133042.766046,C3jlII3tkb3qbW3PZk,192.168.1.4,59238,192.168.1.1,53,udp,0.0,53,78,SF,False,True,0,Dd,1,81,1,106,DNS
1723133045.869174,COv3XQ3mF5IkwDG02j,192.168.1.4,38074,3.231.143.13,443,udp,0.0,53,78,SF,False,True,0,Dd,1,81,1,106,HTTPS
1723133036.094067,CZTGaH3Hgg31PvZiLk,192.168.1.4,48592,23.101.168.44,443,udp,0.0,53,78,SF,False,True,0,Dd,1,81,1,106,HTTPS
1723133044.031785,CSYzVH33BOQkXQ1Shi,192.168.1.4,55838,18.238.4.127,443,udp,0.0,53,78,SF,False,True,0,Dd,1,81,1,106,HTTPS
1723133043.015192,CnMFn8481AVtuPJ5Bj,192.168.1.4,59082,104.18.87.42,443,udp,0.0,53,78,SF,False,True,0,Dd,1,81,1,106,HTTPS
1723133044.311419,CnhGLv4jLyvd831eV7,192.168.1.4,55976,34.237.67.200,443,udp,0.0,53,78,SF,False,True,0,Dd,1,81,1,106,HTTPS
1723133045.44609,Chq6R0136LANhKY1q9,192.168.1.4,56938,192.168.1.1,53,udp,0.0,53,78,SF,False,True,0,Dd,1,81,1,106,DNS
1723133043.792635,CSFmZpoeDA9kmpWg,192.168.1.4,53134,146.75.39.52,443,udp,0.0,53,78,SF,False,True,0,Dd,1,81,1,106,HTTPS
1723133043.971895,C0Ccy1lHb5sXuE7gb,192.168.1.4,59304,34.107.165.188,443,udp,0.0,53,78,SF,False,True,0,Dd,1,81,1,106,HTTPS
1723133044.573199,CMYjUe2kh97u2vc4ae,192.168.1.4,53881,192.168.1.1,53,udp,0.0,53,78,SF,False,True,0,Dd,1,81,1,106,DNS
1723133044.91594,CglGE32ULiwZ19dNj5,192.168.1.4,44828,35.213.17.49,443,udp,0.0,53,78,SF,False,True,0,Dd,1,81,1,106,HTTPS
1723133046.272703,CCFkJwhxKUCnbBsQa,192.168.1.4,45918,34.234.248.213,443,udp,0.0,53,78,SF,False,True,0,Dd,1,81,1,106,HTTPS
1723133044.453056,Cq8KE14Ixgbd1OZh82,192.168.1.4,56100,192.168.1.1,53,udp,0.0,53,78,SF,False,True,0,Dd,1,81,1,106,DNS
1723133044.470313,CaAvc64Sb2Z0Omiiih,192.168.1.4,52902,69.166.1.67,443,udp,0.0,53,78,SF,False,True,0,Dd,1,81,1,106,HTTPS
1723133044.833034,CazRYoMEUKTAtgYMl,192.168.1.4,51290,192.168.1.1,53,udp,0.0,53,78,SF,False,True,0,Dd,1,81,1,106,DNS
1723133044.324755,CxGD0V2MwOunbbYL6l,192.168.1.4,52838,35.227.252.103,443,udp,0.0,53,78,SF,False,True,0,Dd,1,81,1,106,HTTPS
1723133044.799526,CymDG220q4xYWLmNv9,192.168.1.4,34326,192.168.1.1,53,udp,0.0,53,78,SF,False,True,0,Dd,1,81,1,106,DNS
1723133043.980493,CwFcUk4tbvlHjDiHw7,192.168.1.4,44851,192.168.1.1,53,udp,0.0,53,78,SF,False,True,0,Dd,1,81,1,106,DNS
1723133046.199391,CIkGB41YHpnnsYAXla,192.168.1.4,45176,192.168.1.1,53,udp,0.0,53,78,SF,False,True,0,Dd,1,81,1,106,DNS
1723133044.270249,CaA3DP3rBPun7Nr4hk,192.168.1.4,50092,192.168.1.1,53,udp,0.0,53,78,SF,False,True,0,Dd,1,81,1,106,DNS
1723133043.221909,Ch76ml1RVsl8oprHJk,192.168.1.4,50188,192.168.1.1,53,udp,0.0,53,78,SF,False,True,0,Dd,1,81,1,106,DNS
1723133036.22826,CxiNcx3A51E3KmilYe,192.168.1.4,57259,192.168.1.1,53,udp,0.0,53,78,SF,False,True,0,Dd,1,81,1,106,DNS
1723133045.439087,Cgtoa547P75zuB8Eyi,192.168.1.4,48059,192.168.1.1,53,udp,0.0,53,78,SF,False,True,0,Dd,1,81,1,106,DNS
1723133044.3199,CoXDcf47zOL3oL3xwg,192.168.1.4,37274,192.168.1.1,53,udp,0.0,53,78,SF,False,True,0,Dd,1,81,1,106,DNS
1723133044.107768,Co8U2j1HoAknN4q2v1,192.168.1.4,36505,192.168.1.1,53,udp,0.0,53,78,SF,False,True,0,Dd,1,81,1,106,DNS
1723133043.811045,CgxioSsfDuHrVdZB,192.168.1.4,34107,192.168.1.1,53,udp,0.0,53,78,SF,False,True,0,Dd,1,81,1,106,DNS
1723133044.806021,Cvi73Q2CMtKMgu9z74,192.168.1.4,50185,192.168.1.1,53,udp,0.0,53,78,SF,False,True,0,Dd,1,81,1,106,DNS
1723133044.966162,CxCLQf2PSaG2dakBNg,192.168.1.4,38924,44.223.122.134,443,udp,0.0,53,78,SF,False,True,0,Dd,1,81,1,106,HTTPS
1723133045.29346,CJjFMH1izBVLzjmBm,192.168.1.4,51519,192.168.1.1,53,udp,0.0,53,78,SF,False,True,0,Dd,1,81,1,106,DNS
1723133044.334977,CUzw5rRb3tEcexZqg,192.168.1.4,46399,192.168.1.1,53,udp,0.0,53,78,SF,False,True,0,Dd,1,81,1,106,DNS
1723133044.062707,CJLM71pFgRCWgt9c5,192.168.1.4,58714,192.168.1.1,53,udp,0.0,53,78,SF,False,True,0,Dd,1,81,1,106,DNS
1723133044.595618,CWMTds4R5Hh9qr1gOi,192.168.1.4,58992,192.168.1.1,53,udp,0.0,53,78,SF,False,True,0,Dd,1,81,1,106,DNS
1723133042.87497,ClEK604ob8ny7vCcX4,192.168.1.4,47801,192.168.1.1,53,udp,0.0,53,78,SF,False,True,0,Dd,1,81,1,106,DNS
1723133043.922106,C4vZ4g3DIiQzBjFRR3,192.168.1.4,47322,52.204.170.234,443,udp,0.0,53,78,SF,False,True,0,Dd,1,81,1,106,HTTPS
1723133044.524995,CJwxKyuBj3ULJh6Rb,192.168.1.4,49802,172.253.62.132,443,udp,0.0,53,78,SF,False,True,0,Dd,1,81,1,106,HTTPS
1723133045.695893,CCEzc34EBeo6iKUXpc,192.168.1.4,36096,23.213.158.15,443,udp,0.0,53,78,SF,False,True,0,Dd,1,81,1,106,HTTPS
1723133044.274326,CDTx9N1BI9Fn2lIJ0a,192.168.1.4,38592,3.214.221.100,443,udp,0.0,53,78,SF,False,True,0,Dd,1,81,1,106,HTTPS
1723133036.018802,CjsLiM1hfkReQHunX8,192.168.1.4,54750,192.168.1.1,53,udp,0.0,53,78,SF,False,True,0,Dd,1,81,1,106,DNS
1723133044.818775,C4ryfi3FGyyjSRNqZa,192.168.1.4,48535,192.168.1.1,53,udp,0.0,53,78,SF,False,True,0,Dd,1,81,1,106,DNS
1723133043.978619,C8UvVR2JMc9kb5GXFl,192.168.1.4,39559,192.168.1.1,53,udp,0.0,53,78,SF,False,True,0,Dd,1,81,1,106,DNS
1723133044.820613,Cue6fP1IdnbcMUUYVc,192.168.1.4,37163,192.168.1.1,53,udp,0.0,53,78,SF,False,True,0,Dd,1,81,1,106,DNS
1723133036.081589,CF9mOt4ApbZLdZmMw3,192.168.1.4,33508,192.168.1.1,53,udp,0.0,53,78,SF,False,True,0,Dd,1,81,1,106,DNS
1723133046.220322,CLvZqH1qaz5ig8AaRf,192.168.1.4,53993,192.168.1.1,53,udp,0.0,53,78,SF,False,True,0,Dd,1,81,1,106,DNS
1723133044.218318,CZqeO14RfswkRRHEzd,192.168.1.4,55705,192.168.1.1,53,udp,0.0,53,78,SF,False,True,0,Dd,1,81,1,106,DNS
1723133042.890841,CBQuFO2VAoyulp4RHe,192.168.1.4,51794,192.168.1.1,53,udp,0.0,53,78,SF,False,True,0,Dd,1,81,1,106,DNS
1723133044.269756,C0xZ4b2hkUMtIQr4Lh,192.168.1.4,45785,192.168.1.1,53,udp,0.0,53,78,SF,False,True,0,Dd,1,81,1,106,DNS
1723133044.089723,C3pNoi3UdB1DTW0Ohb,192.168.1.4,36496,192.168.1.1,53,udp,0.0,53,78,SF,False,True,0,Dd,1,81,1,106,DNS
1723133044.257854,CdyErx2oVcddxSqf3,192.168.1.4,34397,192.168.1.1,53,udp,0.0,53,78,SF,False,True,0,Dd,1,81,1,106,DNS
1723133046.218532,CwsEEHHP9dyd6XV2h,192.168.1.4,55552,192.168.1.1,53,udp,0.0,53,78,SF,False,True,0,Dd,1,81,1,106,DNS
1723133042.879219,C7qIyXCLLfwjIqwPk,192.168.1.4,41615,192.168.1.1,53,udp,0.0,53,78,SF,False,True,0,Dd,1,81,1,106,DNS
1723133043.204021,COL1iCC27SZAR244i,192.168.1.4,41308,18.238.7.91,443,udp,0.0,53,78,SF,False,True,0,Dd,1,81,1,106,HTTPS
1723133043.238181,CH0GeS1wMf6qwDQQ28,192.168.1.4,39709,192.168.1.1,53,udp,0.0,53,78,SF,False,True,0,Dd,1,81,1,106,DNS
1723133044.457385,CyVNTW3UzTjrBpFl4a,192.168.1.4,47601,192.168.1.1,53,udp,0.0,53,78,SF,False,True,0,Dd,1,81,1,106,DNS
1723133038.211327,Cy7ybW3z3t4ab2QtO5,192.168.1.4,58875,192.168.1.1,53,udp,0.0,53,78,SF,False,True,0,Dd,1,81,1,106,DNS
1723133043.634305,C5SZgO20aAz5YOPni4,192.168.1.4,59104,44.215.169.40,443,udp,0.0,53,78,SF,False,True,0,Dd,1,81,1,106,HTTPS
1723133042.841952,CpVokQ2rAKwRUvsjE4,192.168.1.4,45852,192.168.1.1,53,udp,0.0,53,78,SF,False,True,0,Dd,1,81,1,106,DNS
1723133043.919792,C8bqc92bq7Ury40dRi,192.168.1.4,47260,192.168.1.1,53,udp,0.0,53,78,SF,False,True,0,Dd,1,81,1,106,DNS
1723133044.477316,C5ZEwN3htXP3MmXga5,192.168.1.4,50610,34.197.84.22,443,udp,0.0,53,78,SF,False,True,0,Dd,1,81,1,106,HTTPS
1723133044.457486,CClffH34YLsqPo7Ib8,192.168.1.4,39246,192.168.1.1,53,udp,0.0,53,78,SF,False,True,0,Dd,1,81,1,106,DNS
1723133036.211264,C8bu6A2aJ3VXmC7sQ3,192.168.1.4,34436,192.168.1.1,53,udp,0.0,53,78,SF,False,True,0,Dd,1,81,1,106,DNS
1723133043.01275,Ch2aCu3S0YrscvvqD,192.168.1.4,37999,192.168.1.1,53,udp,0.0,53,78,SF,False,True,0,Dd,1,81,1,106,DNS
1723133044.269036,CVe9i939Xk1tOBIbh2,192.168.1.4,51853,192.168.1.1,53,udp,0.0,53,78,SF,False,True,0,Dd,1,81,1,106,DNS
1723133044.21825,CmYVpS1oSwqtwBrrf7,192.168.1.4,51267,192.168.1.1,53,udp,0.0,53,78,SF,False,True,0,Dd,1,81,1,106,DNS
1723133043.80608,CToGntnWfpWc7ajxj,192.168.1.4,36903,192.168.1.1,53,udp,0.0,53,78,SF,False,True,0,Dd,1,81,1,106,DNS
1723133044.461271,CQ6NO61o8ScBcFsgMe,192.168.1.4,54435,192.168.1.1,53,udp,0.0,53,78,SF,False,True,0,Dd,1,81,1,106,DNS
1723133044.190012,Cg8YCF3jqZ7fBQtSn7,192.168.1.4,58296,192.168.1.1,53,udp,0.0,53,78,SF,False,True,0,Dd,1,81,1,106,DNS
1723132981.962067,C0r3Lzx1FGzcAAYUe,192.168.1.4,54263,192.168.1.1,53,udp,0.0,53,78,SF,False,True,0,Dd,1,81,1,106,DNS
1723133046.214648,ChrvtdD2qT4SSjfie,192.168.1.4,52864,192.168.1.1,53,udp,0.0,53,78,SF,False,True,0,Dd,1,81,1,106,DNS
1723133043.750888,CBzEQY3rfpgnAFn2a5,192.168.1.4,42661,192.168.1.1,53,udp,0.0,53,78,SF,False,True,0,Dd,1,81,1,106,DNS
1723133038.243556,CYeRLmR8wFAk5wEkg,192.168.1.4,53532,172.253.62.94,443,udp,0.0,53,78,SF,False,True,0,Dd,1,81,1,106,HTTPS
1723133036.060456,CfWqWw4OdhPYnlcG0l,192.168.1.4,46842,192.168.1.1,53,udp,0.0,53,78,SF,False,True,0,Dd,1,81,1,106,DNS
1723133044.044931,CrCycd3gxbsZHQ6LF8,192.168.1.4,52754,141.226.124.48,443,udp,0.0,53,78,SF,False,True,0,Dd,1,81,1,106,HTTPS
1723133045.391494,C2iVKk4a08L34c4TX6,192.168.1.4,49814,172.253.62.132,443,udp,0.0,53,78,SF,False,True,0,Dd,1,81,1,106,HTTPS
1723133043.748234,CSsC9j309YGN1TbDq9,192.168.1.4,48699,192.168.1.1,53,udp,0.0,53,78,SF,False,True,0,Dd,1,81,1,106,DNS
1723133044.37226,CJCJSi4cwyMeYSF86f,192.168.1.4,59466,192.168.1.1,53,udp,0.0,53,78,SF,False,True,0,Dd,1,81,1,106,DNS
1723133044.231987,CPxtFY2o0hlc1sqhme,192.168.1.4,58257,192.168.1.1,53,udp,0.0,53,78,SF,False,True,0,Dd,1,81,1,106,DNS
1723133043.603352,Csn4S84cAmUCnBHFpi,192.168.1.4,42838,192.168.1.1,53,udp,0.0,53,78,SF,False,True,0,Dd,1,81,1,106,DNS
1723133044.257146,CkDaXTkKqr3V0D7Qg,192.168.1.4,58447,192.168.1.1,53,udp,0.0,53,78,SF,False,True,0,Dd,1,81,1,106,DNS
1723133044.526668,CSjpG74plWdPvddUhe,192.168.1.4,38591,192.168.1.1,53,udp,0.0,53,78,SF,False,True,0,Dd,1,81,1,106,DNS
1723133044.324143,CtBJAk3LDwmPV39Jgi,192.168.1.4,40338,192.168.1.1,53,udp,0.0,53,78,SF,False,True,0,Dd,1,81,1,106,DNS
1723133044.841061,CY0nbt1H6NTU8ldM82,192.168.1.4,60404,69.173.146.5,443,udp,0.0,53,78,SF,False,True,0,Dd,1,81,1,106,HTTPS
1723133043.571786,CzQBv02v4slEiJDdT2,192.168.1.4,35206,146.75.29.44,443,udp,0.0,53,78,SF,False,True,0,Dd,1,81,1,106,HTTPS
1723133042.741374,CeD4I12Gm46h30E5lj,192.168.1.4,56007,192.168.1.1,53,udp,0.0,53,78,SF,False,True,0,Dd,1,81,1,106,DNS
1723133043.978544,CddTnh4Y3h1wzzJxcb,192.168.1.4,57128,192.168.1.1,53,udp,0.0,53,78,SF,False,True,0,Dd,1,81,1,106,DNS
1723133044.268635,CH1wVVba3JapSdUJe,192.168.1.4,32811,192.168.1.1,53,udp,0.0,53,78,SF,False,True,0,Dd,1,81,1,106,DNS
1723133046.215649,C0x0b41pX5NNSNMmda,192.168.1.4,55472,192.168.1.1,53,udp,0.0,53,78,SF,False,True,0,Dd,1,81,1,106,DNS
1723133042.740763,CniLyzq2uTWAxQu4,192.168.1.4,40192,192.168.1.1,53,udp,0.0,53,78,SF,False,True,0,Dd,1,81,1,106,DNS
1723133045.105278,Cacqba3qaWdEuvM3Kl,192.168.1.4,42864,192.168.1.1,53,udp,0.0,53,78,SF,False,True,0,Dd,1,81,1,106,DNS
1723133043.522291,CCjnmPGhQ0w3RKLNe,192.168.1.4,45512,18.238.8.227,443,udp,0.0,53,78,SF,False,True,0,Dd,1,81,1,106,HTTPS
1723133044.0494,CXRuho4cr1bNK0JuYf,192.168.1.4,58412,192.168.1.1,53,udp,0.0,53,78,SF,False,True,0,Dd,1,81,1,106,DNS
1723133042.865382,CNuCo93ewzM67qA39c,192.168.1.4,56666,192.168.1.1,53,udp,0.0,53,78,SF,False,True,0,Dd,1,81,1,106,DNS
1723133043.947993,CWXsRgBf8fLmXTBk1,192.168.1.4,47455,192.168.1.1,53,udp,0.0,53,78,SF,False,True,0,Dd,1,81,1,106,DNS
1723133036.211193,Crgmgu4ntFp0QkQzO3,192.168.1.4,59079,192.168.1.1,53,udp,0.0,53,78,SF,False,True,0,Dd,1,81,1,106,DNS
1723133043.749585,C0e7IpDkBlBP4BQOf,192.168.1.4,55504,192.168.1.1,53,udp,0.0,53,78,SF,False,True,0,Dd,1,81,1,106,DNS
1723133046.217457,CvwGnG1IEu2KkVNt85,192.168.1.4,55153,192.168.1.1,53,udp,0.0,53,78,SF,False,True,0,Dd,1,81,1,106,DNS
1723133044.516172,Cia0Vm4DKzbQaQQdLi,192.168.1.4,44530,35.211.178.172,443,udp,0.0,53,78,SF,False,True,0,Dd,1,81,1,106,HTTPS
1723133044.511145,CZOh7e4i1no9dR8L15,192.168.1.4,58287,192.168.1.1,53,udp,0.0,53,78,SF,False,True,0,Dd,1,81,1,106,DNS
1723133044.409439,CUdPc33dHRkMPsz4kg,192.168.1.4,47329,192.168.1.1,53,udp,0.0,53,78,SF,False,True,0,Dd,1,81,1,106,DNS
1723133044.253259,CVCm6rRmTjzo9uzz3,192.168.1.4,33367,192.168.1.1,53,udp,0.0,53,78,SF,False,True,0,Dd,1,81,1,106,DNS
1723133045.13649,Cp2ybu45pVuudvseUk,192.168.1.4,41598,142.251.16.95,443,udp,0.0,53,78,SF,False,True,0,Dd,1,81,1,106,HTTPS
1723133044.698768,C98icl1tFUCMQl7sVi,192.168.1.4,37128,192.168.1.1,53,udp,0.0,53,78,SF,False,True,0,Dd,1,81,1,106,DNS
1723133044.089782,CbvOLz2p5UQNx8aCu7,192.168.1.4,53040,192.168.1.1,53,udp,0.0,53,78,SF,False,True,0,Dd,1,81,1,106,DNS
1723133044.085635,CZr4lb2PXVbTxcb9qd,192.168.1.4,56137,192.168.1.1,53,udp,0.0,53,78,SF,False,True,0,Dd,1,81,1,106,DNS
1723133043.751092,CpdSy2CPCe4pevfcl,192.168.1.4,47649,192.168.1.1,53,udp,0.0,53,78,SF,False,True,0,Dd,1,81,1,106,DNS
1723133046.290339,C2h3wiDx0SQgyVD2g,192.168.1.4,37426,51.222.239.232,443,udp,0.0,53,78,SF,False,True,0,Dd,1,81,1,106,HTTPS
1723133044.271434,C7nhWx2qxUNJkgqcxk,192.168.1.4,40060,54.158.18.149,443,udp,0.0,53,78,SF,False,True,0,Dd,1,81,1,106,HTTPS
1723133043.750755,COWEwi1HOqtYO2YCw,192.168.1.4,45178,192.168.1.1,53,udp,0.0,53,78,SF,False,True,0,Dd,1,81,1,106,DNS
1723133044.778668,Ce0g1x1D6VasPWxLC1,192.168.1.4,38500,192.168.1.1,53,udp,0.0,53,78,SF,False,True,0,Dd,1,81,1,106,DNS
1723133043.782673,CtBtCG3MTAUcbDrOa,192.168.1.4,55231,192.168.1.1,53,udp,0.0,53,78,SF,False,True,0,Dd,1,81,1,106,DNS
1723133042.877963,C8TW6p49f4Wq5udJ84,192.168.1.4,46655,192.168.1.1,53,udp,0.0,53,78,SF,False,True,0,Dd,1,81,1,106,DNS
1723133043.919727,COXhtM3S9lgPnEnilh,192.168.1.4,50199,192.168.1.1,53,udp,0.0,53,78,SF,False,True,0,Dd,1,81,1,106,DNS
1723133043.830334,CsDJ0iqtfojoxod76,192.168.1.4,34698,146.75.38.202,443,udp,0.0,53,78,SF,False,True,0,Dd,1,81,1,106,HTTPS
1723133043.947938,CxUayt2yb7hy57OzI6,192.168.1.4,60087,192.168.1.1,53,udp,0.0,53,78,SF,False,True,0,Dd,1,81,1,106,DNS
1723133043.75061,CiQBTC2JnR7iZPnXgi,192.168.1.4,34602,192.168.1.1,53,udp,0.0,53,78,SF,False,True,0,Dd,1,81,1,106,DNS
1723133036.097909,CcsqJE1wKgej4l4W4g,192.168.1.4,36812,204.79.197.239,443,udp,0.0,53,78,SF,False,True,0,Dd,1,81,1,106,HTTPS
1723133043.750202,CCQ1wK3Jaq6A2jYula,192.168.1.4,46942,192.168.1.1,53,udp,0.0,53,78,SF,False,True,0,Dd,1,81,1,106,DNS
1723133019.025143,CVgBHCJ6J7aCcuIeh,192.168.1.4,43040,192.168.1.1,53,udp,0.0,53,78,SF,False,True,0,Dd,1,81,1,106,DNS
1723133043.978359,ChsnIFoib08C4mFxk,192.168.1.4,46738,192.168.1.1,53,udp,0.0,53,78,SF,False,True,0,Dd,1,81,1,106,DNS
1723133046.896283,CgNMvy3DBMSXDdYHDg,192.168.1.4,37937,192.168.1.1,53,udp,0.0,53,78,SF,False,True,0,Dd,1,81,1,106,DNS
1723133045.434912,C0XJiN275VwXyo96ff,192.168.1.4,34455,192.168.1.1,53,udp,0.0,53,78,SF,False,True,0,Dd,1,81,1,106,DNS
1723133044.273619,CWPXLi3MkKyqlaCdS8,192.168.1.4,55070,172.64.151.101,443,udp,0.0,53,78,SF,False,True,0,Dd,1,81,1,106,HTTPS
1723133044.833119,Cl605E3AYD2jCINOU,192.168.1.4,40665,192.168.1.1,53,udp,0.0,53,78,SF,False,True,0,Dd,1,81,1,106,DNS
1723133044.651201,CnJahn2CXz27kQEwx2,192.168.1.4,55412,44.196.245.28,443,udp,0.0,53,78,SF,False,True,0,Dd,1,81,1,106,HTTPS
1723133043.15444,Ce196gthSjRdKRtU9,192.168.1.4,60460,3.209.163.3,443,udp,0.0,53,78,SF,False,True,0,Dd,1,81,1,106,HTTPS
1723133044.577648,CLWWek4usy3ecPrxLa,192.168.1.4,47635,192.168.1.1,53,udp,0.0,53,78,SF,False,True,0,Dd,1,81,1,106,DNS
1723133044.496609,CTzdPa38tieX5RjSW3,192.168.1.4,52921,192.168.1.1,53,udp,0.0,53,78,SF,False,True,0,Dd,1,81,1,106,DNS
1723133044.778749,CNrEGz1Dy3G1kHmId9,192.168.1.4,56646,192.168.1.1,53,udp,0.0,53,78,SF,False,True,0,Dd,1,81,1,106,DNS
1723133042.877078,C3gfTx3Ikitq6prDO1,192.168.1.4,41584,142.251.16.95,443,udp,0.0,53,78,SF,False,True,0,Dd,1,81,1,106,HTTPS
1723133044.580337,Cx3zf84Gk1BjBG9iC4,192.168.1.4,42988,15.197.193.217,443,udp,0.0,53,78,SF,False,True,0,Dd,1,81,1,106,HTTPS
1723133044.106781,CjTMBv2aKMuVg0JCwg,192.168.1.4,36116,172.253.63.138,443,udp,0.0,53,78,SF,False,True,0,Dd,1,81,1,106,HTTPS
1723133044.497575,CKu9un4GL7DcdpuzH1,192.168.1.4,51968,192.168.1.1,53,udp,0.0,53,78,SF,False,True,0,Dd,1,81,1,106,DNS
1723133042.804116,CzGBvA4DykqrzWBWRd,192.168.1.4,56176,192.168.1.1,53,udp,0.0,53,78,SF,False,True,0,Dd,1,81,1,106,DNS
1723133044.860913,C2N8NJ3zXT7zOQ3QY3,192.168.1.4,34001,192.168.1.1,53,udp,0.0,53,78,SF,False,True,0,Dd,1,81,1,106,DNS
1723133043.854408,CoAOjJ1Yg8bVbrYd07,192.168.1.4,39830,23.51.228.133,443,udp,0.0,53,78,SF,False,True,0,Dd,1,81,1,106,HTTPS
1723133042.886975,C2b1qh4SP78MXfZ9R4,192.168.1.4,45275,192.168.1.1,53,udp,0.0,53,78,SF,False,True,0,Dd,1,81,1,106,DNS
1723133043.801276,C7FF5m4Qq4UloBkQY5,192.168.1.4,58182,192.168.1.1,53,udp,0.0,53,78,SF,False,True,0,Dd,1,81,1,106,DNS
1723133045.884673,CPg8EgZY0SjOn7zT3,192.168.1.4,54898,34.117.228.201,443,udp,0.0,53,78,SF,False,True,0,Dd,1,81,1,106,HTTPS
1723133019.025143,CVgBHCJ6J7aCcuIeh,192.168.1.4,43040,192.168.1.1,53,udp,0.0006051064,53,78,SF,True,True,0,Dd,1,81,1,106,DNS
1723133043.770434,Ca27h43uuC6Cz5gFmd,192.168.1.4,38636,192.0.76.3,443,udp,0.0006051064,53,78,SF,True,True,0,Dd,1,81,1,106,HTTPS
1723133044.086207,CXnAfRVqH77hbLr7b,192.168.1.4,38166,192.168.1.1,53,udp,0.0006051064,53,78,SF,True,True,0,Dd,1,81,1,106,DNS
1723133044.213305,CqdBPD1ZJvwfXEva0f,192.168.1.4,42918,192.168.1.1,53,udp,0.0006051064,53,78,SF,True,True,0,Dd,1,81,1,106,DNS
1723133045.839015,CIuyuHaekFztycsf6,192.168.1.4,39322,192.168.1.1,53,udp,0.0006051064,53,78,SF,True,True,0,Dd,1,81,1,106,DNS
1723133044.560502,C0N2pG3v6sj1rK8gTe,192.168.1.4,51786,192.168.1.1,53,udp,0.0006051064,53,78,SF,True,True,0,Dd,1,81,1,106,DNS
1723133044.098064,C1nA323NBRbv37kVqi,192.168.1.4,47748,23.205.56.163,443,udp,0.0006051064,53,78,SF,True,True,0,Dd,1,81,1,106,HTTPS
1723133044.358712,CViwwf2lGCQGEGiNqe,192.168.1.4,55058,192.168.1.1,53,udp,0.0006051064,53,78,SF,True,True,0,Dd,1,81,1,106,DNS
1723133042.788903,C6hyER2Lmiro9kscck,192.168.1.4,59070,104.18.87.42,443,udp,0.0006051064,53,78,SF,True,True,0,Dd,1,81,1,106,HTTPS
1723133043.84566,CsDJ0iqtfojoxod76,192.168.1.4,34698,146.75.38.202,443,udp,0.0,53,78,SF,False,True,0,Dd,1,81,1,106,HTTPS
1723133044.067779,C4Xfdi13GcLSgY5Ao9,192.168.1.4,40886,192.168.1.1,53,udp,0.0,53,78,SF,False,True,0,Dd,1,81,1,106,DNS
1723133044.06264,Cde9fx4HAWkFnWMvm3,192.168.1.4,58457,192.168.1.1,53,udp,0.0,53,78,SF,False,True,0,Dd,1,81,1,106,DNS
1723133043.136991,CE3h5C4twpFIZ05LRc,192.168.1.4,46509,192.168.1.1,53,udp,0.0,53,78,SF,False,True,0,Dd,1,81,1,106,DNS
1723133042.852494,Csat7iSoVsaSWf6Vg,192.168.1.4,37998,192.168.1.1,53,udp,0.0,53,78,SF,False,True,0,Dd,1,81,1,106,DNS
1723133044.37232,ClODCV37gwFidBFK8f,192.168.1.4,44431,192.168.1.1,53,udp,0.0,53,78,SF,False,True,0,Dd,1,81,1,106,DNS
1723133044.070367,CWd1wi1IxST6sMsX8,192.168.1.4,60713,192.168.1.1,53,udp,0.0,53,78,SF,False,True,0,Dd,1,81,1,106,DNS
1723133044.866616,CW6wSG3MbGGVJqGvNb,192.168.1.4,55574,3.231.143.23,443,udp,0.0,53,78,SF,False,True,0,Dd,1,81,1,106,HTTPS
1723133043.603425,CSgoWPo9erEGucPne,192.168.1.4,41759,192.168.1.1,53,udp,0.0,53,78,SF,False,True,0,Dd,1,81,1,106,DNS
1723133043.153565,CIhJrU3EaWRyIct3Dj,192.168.1.4,57530,3.166.192.102,443,udp,0.0,53,78,SF,False,True,0,Dd,1,81,1,106,HTTPS
1723133043.795619,CinulK33aR22qFZ9pi,192.168.1.4,45288,23.193.216.158,443,udp,0.0,53,78,SF,False,True,0,Dd,1,81,1,106,HTTPS
1723133044.689429,Cd2ZtZ2MVVm756jMr9,192.168.1.4,53777,192.168.1.1,53,udp,0.0,53,78,SF,False,True,0,Dd,1,81,1,106,DNS
1723133044.520264,CBfdUY342QYzD7vLA7,192.168.1.4,38719,192.168.1.1,53,udp,0.0,53,78,SF,False,True,0,Dd,1,81,1,106,DNS
1723133044.515808,CPHbTyWSaVCA1HCKi,192.168.1.4,54104,13.224.214.103,443,udp,0.0,53,78,SF,False,True,0,Dd,1,81,1,106,HTTPS
1723133043.258105,C4OYc34HByOogJ3fl6,192.168.1.4,35218,146.75.29.44,443,udp,0.0,53,78,SF,False,True,0,Dd,1,81,1,106,HTTPS
1723133046.131709,CgBNQw11819xovSIj,192.168.1.4,39413,192.168.1.1,53,udp,0.0,53,78,SF,False,True,0,Dd,1,81,1,106,DNS
1723133044.223656,CQDLuo46AeJgNgHmSc,192.168.1.4,58582,192.168.1.1,53,udp,0.0,53,78,SF,False,True,0,Dd,1,81,1,106,DNS
1723133044.774987,CrxYXehwm2V0xgua4,192.168.1.4,39880,23.51.228.133,443,udp,0.0,53,78,SF,False,True,0,Dd,1,81,1,106,HTTPS
1723133043.992516,CpbYtl3TwDYueFSDp,192.168.1.4,52124,54.230.244.188,443,udp,0.0,53,78,SF,False,True,0,Dd,1,81,1,106,HTTPS
1723133044.562799,CJdUrt4sFjUIv83Al9,192.168.1.4,46492,192.168.1.1,53,udp,0.0,53,78,SF,False,True,0,Dd,1,81,1,106,DNS
1723133043.772757,CE3nYfOn2WrkET2ze,192.168.1.4,45724,192.168.1.1,53,udp,0.0,53,78,SF,False,True,0,Dd,1,81,1,106,DNS
1723133044.749376,C2oIAo2gN6w74cWLze,192.168.1.4,38470,54.230.244.180,443,udp,0.0,53,78,SF,False,True,0,Dd,1,81,1,106,HTTPS
1723133044.413034,CrBd2I1j3jYI0XKn1,192.168.1.4,37668,3.33.220.150,443,udp,0.0,53,78,SF,False,True,0,Dd,1,81,1,106,HTTPS
1723133046.245724,CgkXFP2XTHATBaC5Bl,192.168.1.4,44452,192.168.1.1,53,udp,0.0,53,78,SF,False,True,0,Dd,1,81,1,106,DNS
1723133030.612368,CEyYL12mKs0Buqv2a,192.168.1.4,42565,192.168.1.1,53,udp,0.0005469322,53,78,SF,True,True,0,Dd,1,81,1,106,DNS
1723133046.113582,Ch4LHC14sCe5zC7iUe,192.168.1.4,60794,192.168.1.1,53,udp,0.0005469322,53,78,SF,True,True,0,Dd,1,81,1,106,DNS
1723133044.264704,CC8tDg2VxnPoewIdnl,192.168.1.4,40578,192.168.1.1,53,udp,0.0005469322,53,78,SF,True,True,0,Dd,1,81,1,106,DNS
1723133044.577786,C9wDrf5OjLh5q5iL5,192.168.1.4,49806,35.244.159.8,443,udp,0.0005469322,53,78,SF,True,True,0,Dd,1,81,1,106,HTTPS
1723133044.013476,CLG4rL2bsYUsTCjCkd,192.168.1.4,43705,192.168.1.1,53,udp,0.0005469322,53,78,SF,True,True,0,Dd,1,81,1,106,DNS
1723133045.421513,CxP1P43CHCPUuGdzml,192.168.1.4,50975,192.168.1.1,53,udp,0.0005469322,53,78,SF,True,True,0,Dd,1,81,1,106,DNS
1723133046.590574,Cu2Uv01N18NfvpGcEi,192.168.1.4,47230,192.168.1.1,53,udp,0.0005469322,53,78,SF,True,True,0,Dd,1,81,1,106,DNS
1723133044.542184,C0xyT34gxK39wbbwfd,192.168.1.4,60388,69.173.146.5,443,udp,0.0005469322,53,78,SF,True,True,0,Dd,1,81,1,106,HTTPS
1723133045.070714,CShM561c5NLyMOvJLh,192.168.1.4,55183,192.168.1.1,53,udp,0.0005469322,53,78,SF,True,True,0,Dd,1,81,1,106,DNS
1723133042.871096,Cmxz3l327vuY1wqEM6,192.168.1.4,45982,192.168.1.1,53,udp,0.0005469322,53,78,SF,True,True,0,Dd,1,81,1,106,DNS
1723133043.886077,C2qQ3h2sYUm1bKefN,192.168.1.4,53680,63.140.38.217,443,udp,0.0005469322,53,78,SF,True,True,0,Dd,1,81,1,106,HTTPS
1723133044.062957,CcIdmP2NZkTlusrPx1,192.168.1.4,45658,192.168.1.1,53,udp,0.0005469322,53,78,SF,True,True,0,Dd,1,81,1,106,DNS
1723133043.154175,CmC9kn1OgVpusAZ6Qf,192.168.1.4,53128,146.75.39.52,443,udp,0.0005469322,53,78,SF,True,True,0,Dd,1,81,1,106,HTTPS
1723133030.612368,CEyYL12mKs0Buqv2a,192.168.1.4,42565,192.168.1.1,53,udp,0.0005469322,53,78,SF,True,True,0,Dd,1,81,1,106,DNS
1723133043.993914,CiOQQj2xR9ME0XBZd6,192.168.1.4,36868,34.239.34.246,443,udp,0.0005469322,53,78,SF,True,True,0,Dd,1,81,1,106,HTTPS
1723133046.214762,CUpi5I8Rg1RchKry,192.168.1.4,47108,192.168.1.1,53,udp,0.0005469322,53,78,SF,True,True,0,Dd,1,81,1,106,DNS
1723133042.741306,CSF1d01JxmwdMljbvc,192.168.1.4,46295,192.168.1.1,53,udp,0.0005469322,53,78,SF,True,True,0,Dd,1,81,1,106,DNS
1723133043.201906,CWZ5VR3IhOUfyEsFgh,192.168.1.4,42874,192.168.1.1,53,udp,0.0005469322,53,78,SF,True,True,0,Dd,1,81,1,106,DNS
1723133042.900259,CjKZGPDXfU72nUXB8,192.168.1.4,50967,192.168.1.1,53,udp,0.0005469322,53,78,SF,True,True,0,Dd,1,81,1,106,DNS
1723133046.181184,CdPvyy3gAjyTvU4ggk,192.168.1.4,38550,192.168.1.1,53,udp,0.0005469322,53,78,SF,True,True,0,Dd,1,81,1,106,DNS
1723133044.573144,CoDbk414rfbpL9Jnwb,192.168.1.4,53016,192.168.1.1,53,udp,0.0005469322,53,78,SF,True,True,0,Dd,1,81,1,106,DNS
1723133044.459724,C7e8Hh2eHnKfe5mRAl,192.168.1.4,46327,192.168.1.1,53,udp,0.0005469322,53,78,SF,True,True,0,Dd,1,81,1,106,DNS
1723133044.621528,CRxrMV18MWMN7o1GLc,192.168.1.4,49452,63.251.28.231,443,udp,0.0005469322,53,78,SF,True,True,0,Dd,1,81,1,106,HTTPS
1723133044.48971,CcBBUM2NOZds5K5BR3,192.168.1.4,45562,192.168.1.1,53,udp,0.0005469322,53,78,SF,True,True,0,Dd,1,81,1,106,DNS
1723133044.270313,CzbMafPLzR8egca8g,192.168.1.4,39499,192.168.1.1,53,udp,0.0005469322,53,78,SF,True,True,0,Dd,1,81,1,106,DNS
1723133036.018904,Cm81yBMsxutUwotV4,192.168.1.4,33152,192.168.1.1,53,udp,0.0005469322,53,78,SF,True,True,0,Dd,1,81,1,106,DNS
1723133044.499315,C60nBCp4aZUMj1Izj,192.168.1.4,54316,34.235.210.13,443,udp,0.0005469322,53,78,SF,True,True,0,Dd,1,81,1,106,HTTPS
1723133044.873853,CkIi2D3wwQr6byp0wi,192.168.1.4,34804,52.73.109.247,443,udp,0.0005469322,53,78,SF,True,True,0,Dd,1,81,1,106,HTTPS
1723133044.127805,C8DnLi2v8E6KsCAX88,192.168.1.4,53842,192.168.1.1,53,udp,0.0005469322,53,78,SF,True,True,0,Dd,1,81,1,106,DNS
1723133046.218658,CU3tDF0vLsZHNKKY9,192.168.1.4,32918,192.168.1.1,53,udp,0.0005469322,53,78,SF,True,True,0,Dd,1,81,1,106,DNS
1723133042.919272,Cek1Uy1CzxDi7XsMul,192.168.1.4,51918,146.75.38.133,443,udp,0.0,53,78,SF,False,True,0,Dd,1,81,1,106,HTTPS
1723133036.06283,CXLGox2pnlayVl3i95,192.168.1.4,37369,192.168.1.1,53,udp,0.0,53,78,SF,False,True,0,Dd,1,81,1,106,DNS
1723133042.740841,CFw2MB2IRQgQyA6upa,192.168.1.4,45999,192.168.1.1,53,udp,0.0,53,78,SF,False,True,0,Dd,1,81,1,106,DNS
1723133045.442322,C78UQe1pWwN1ivwFug,192.168.1.4,41269,192.168.1.1,53,udp,0.0,53,78,SF,False,True,0,Dd,1,81,1,106,DNS
1723133044.551882,CvbMY04LtZ1LgZQhf8,192.168.1.4,38762,192.168.1.1,53,udp,0.0,53,78,SF,False,True,0,Dd,1,81,1,106,DNS
1723133043.22185,C0i0ndwGuO03ZuMDa,192.168.1.4,34717,192.168.1.1,53,udp,0.0,53,78,SF,False,True,0,Dd,1,81,1,106,DNS
1723133044.561798,C6CR874YLKGWZPxR1l,192.168.1.4,39935,192.168.1.1,53,udp,0.0,53,78,SF,False,True,0,Dd,1,81,1,106,DNS
1723133045.363242,Cahh6g6ySE5VAaI0d,192.168.1.4,46004,192.168.1.1,53,udp,0.0,53,78,SF,False,True,0,Dd,1,81,1,106,DNS
1723133044.839399,COiRzk4nMFPhgl9noe,192.168.1.4,53805,192.168.1.1,53,udp,0.0,53,78,SF,False,True,0,Dd,1,81,1,106,DNS
1723133044.624788,CZb5yA1WHzoCrY6E79,192.168.1.4,45542,69.173.151.100,443,udp,0.0,53,78,SF,False,True,0,Dd,1,81,1,106,HTTPS
1723133046.237678,C5rLuaS3hUxADdQQ8,192.168.1.4,59673,192.168.1.1,53,udp,0.0,53,78,SF,False,True,0,Dd,1,81,1,106,DNS
1723133044.274012,CaL6Id2JgWJvzTq1Ab,192.168.1.4,53432,52.207.9.194,443,udp,0.0,53,78,SF,False,True,0,Dd,1,81,1,106,HTTPS
1723133046.661938,CHHSSN2Rt8IiHwjfQb,192.168.1.4,52062,192.168.1.1,53,udp,0.0,53,78,SF,False,True,0,Dd,1,81,1,106,DNS
1723133036.035345,C4LdWB4bCjl4eMBT2e,192.168.1.4,57699,192.168.1.1,53,udp,0.0,53,78,SF,False,True,0,Dd,1,81,1,106,DNS
1723133044.409293,CKxiLX25HJVquA5gof,192.168.1.4,38799,192.168.1.1,53,udp,0.0,53,78,SF,False,True,0,Dd,1,81,1,106,DNS
1723132982.007575,CgxeXC1N9Y1gbv1Vsb,144.80.70.54,63437,192.168.1.4,22,tcp,14.8012399673,2004,15878,SF,False,True,0,ShAdDaFf,28,3136,27,16970,SSH
1723133044.805929,CY5l6K3A5emR5Vwgmf,192.168.1.4,36135,192.168.1.1,53,udp,14.8012399673,2004,15878,SF,False,True,0,ShAdDaFf,28,3136,27,16970,DNS
1723133043.815048,CeELWR3zX5kQhMQENc,192.168.1.4,58635,192.168.1.1,53,udp,14.8012399673,2004,15878,SF,False,True,0,ShAdDaFf,28,3136,27,16970,DNS
1723133043.979529,CDxgRL2TRuMc9sjbg5,192.168.1.4,57538,192.168.1.1,53,udp,14.8012399673,2004,15878,SF,False,True,0,ShAdDaFf,28,3136,27,16970,DNS
1723133042.852881,CWUlI60FrvV6bDoL3,192.168.1.4,51312,192.168.1.1,53,udp,14.8012399673,2004,15878,SF,False,True,0,ShAdDaFf,28,3136,27,16970,DNS
1723133044.628092,CLSL533D57bUtjLHWj,192.168.1.4,49308,3.166.192.44,443,udp,14.8012399673,2004,15878,SF,False,True,0,ShAdDaFf,28,3136,27,16970,HTTPS
1723133036.126642,CJNViD4Qu5AnI6Vma,192.168.1.4,58530,40.71.99.188,443,udp,14.8012399673,2004,15878,SF,False,True,0,ShAdDaFf,28,3136,27,16970,HTTPS
1723133046.22531,CnU06k4oo32QaSgo7k,192.168.1.4,51108,64.233.180.149,443,udp,14.8012399673,2004,15878,SF,False,True,0,ShAdDaFf,28,3136,27,16970,HTTPS
1723133044.525184,CYBzMO3PgtjRY9YYD2,192.168.1.4,46778,141.226.224.32,443,udp,14.8012399673,2004,15878,SF,False,True,0,ShAdDaFf,28,3136,27,16970,HTTPS
1723133019.108978,Cb22lcK2CqcwWzxAi,144.80.70.54,63442,192.168.1.4,22,udp,14.8012399673,2004,15878,SF,False,True,0,ShAdDaFf,28,3136,27,16970,SSH
1723133043.954186,CdABCT3e6cv5vwXti6,192.168.1.4,55026,192.168.1.1,53,udp,14.8012399673,2004,15878,SF,False,True,0,ShAdDaFf,28,3136,27,16970,DNS
1723133043.137282,C1khuq18NqhHzuhNO3,192.168.1.4,44079,192.168.1.1,53,udp,14.8012399673,2004,15878,SF,False,True,0,ShAdDaFf,28,3136,27,16970,DNS
1723133044.547687,C3uNj81DS2MIMn3M3h,192.168.1.4,52452,192.168.1.1,53,udp,14.8012399673,2004,15878,SF,False,True,0,ShAdDaFf,28,3136,27,16970,DNS
1723133044.354922,CE7kn6AxBkjuwYgl8,192.168.1.4,54272,192.168.1.1,53,udp,14.8012399673,2004,15878,SF,False,True,0,ShAdDaFf,28,3136,27,16970,DNS
1723133043.801331,CIPRjP5GWxVZDGHgc,192.168.1.4,39610,192.168.1.1,53,udp,14.8012399673,2004,15878,SF,False,True,0,ShAdDaFf,28,3136,27,16970,DNS
1723133043.808404,CNc3QPAFMb2HFNSGj,192.168.1.4,36547,192.168.1.1,53,udp,14.8012399673,2004,15878,SF,False,True,0,ShAdDaFf,28,3136,27,16970,DNS
1723133044.419758,C479RFkVO1z1E9qDd,192.168.1.4,33508,52.23.15.128,443,udp,14.8012399673,2004,15878,SF,False,True,0,ShAdDaFf,28,3136,27,16970,HTTPS
1723133046.282081,C1TEhiQSiqxcnsztl,192.168.1.4,46812,3.90.74.128,443,udp,14.8012399673,2004,15878,SF,False,True,0,ShAdDaFf,28,3136,27,16970,HTTPS
1723132981.962154,CvWDYe3m3CDQ8WNhH9,192.168.1.4,53401,192.168.1.1,53,udp,14.8012399673,2004,15878,SF,False,True,0,ShAdDaFf,28,3136,27,16970,DNS
1723133044.35546,CP5T3N2exYqu3HArn7,192.168.1.4,38825,192.168.1.1,53,udp,14.8012399673,2004,15878,SF,False,True,0,ShAdDaFf,28,3136,27,16970,DNS
1723133044.282512,CrO2xb2t7bALRjZYqg,192.168.1.4,60740,172.240.45.75,443,udp,14.8012399673,2004,15878,SF,False,True,0,ShAdDaFf,28,3136,27,16970,HTTPS
1723133044.581363,CcWx3jiOQ2uihbH61,192.168.1.4,32808,8.28.7.82,443,udp,14.8012399673,2004,15878,SF,False,True,0,ShAdDaFf,28,3136,27,16970,HTTPS
1723133043.750139,CnX5jxLgrwE3vbb94,192.168.1.4,36616,192.168.1.1,53,udp,14.8012399673,2004,15878,SF,False,True,0,ShAdDaFf,28,3136,27,16970,DNS
1723133044.476726,C4Jl7So3IraoEw59d,192.168.1.4,41532,192.168.1.1,53,udp,14.8012399673,2004,15878,SF,False,True,0,ShAdDaFf,28,3136,27,16970,DNS
1723133045.848537,CS7t4O1ImGV5YjwtIj,192.168.1.4,46714,192.168.1.1,53,udp,14.8012399673,2004,15878,SF,False,True,0,ShAdDaFf,28,3136,27,16970,DNS
1723133044.978052,Cf0RzR3jxjTKaFmY11,192.168.1.4,34268,23.40.60.155,443,udp,14.8012399673,2004,15878,SF,False,True,0,ShAdDaFf,28,3136,27,16970,HTTPS
1723133044.369877,CTY7aZ2be4Y0SEK1M4,192.168.1.4,37910,69.194.240.13,443,udp,14.8012399673,2004,15878,SF,False,True,0,ShAdDaFf,28,3136,27,16970,HTTPS
1723133042.896574,CjZ25S1VhG8o5hIQu6,192.168.1.4,56123,192.168.1.1,53,udp,14.8012399673,2004,15878,SF,False,True,0,ShAdDaFf,28,3136,27,16970,DNS
